I_palmata_OTU_1	1617_scaffold8,75291,f10Z75291,1+scaffold15,20033,f9Z20033,1,1_82815_83696_-_gene_type=bacteria	PF12796	Ankyrin repeats (3 copies)	1.3e-12	Ank_2	Ank	MKNTFIALCSLILLVVSSVAFAAECPLCNAAYGGNLSEVKRLLDNGVDVNDQDKNGWTALGSAVRSNQSEVTKVLLDNGANVNYEDIEGWTALGLAARYNQSEVAKVLLDNGANVNHESKNGWTALRHAARYNQGEVAKVLLDNGANVNHEDKYGVTALMYAAGQGHSEVVKLLLDNGANVNHEKKDGWTALMWAALDGQSELVKILLENGANVNHENENGGTALMVATRNDKNEVAKVLLACRANPDTKDTDGNNTWDYAEGKRIMLAILEKYLNDVVAGRKFPPCDKTASN
I_palmata_OTU_1	1617_scaffold8,75291,f10Z75291,1+scaffold15,20033,f9Z20033,1,1_82815_83696_-_gene_type=bacteria	PF12796	Ankyrin repeats (3 copies)	7.1e-18	Ank_2	Ank	MKNTFIALCSLILLVVSSVAFAAECPLCNAAYGGNLSEVKRLLDNGVDVNDQDKNGWTALGSAVRSNQSEVTKVLLDNGANVNYEDIEGWTALGLAARYNQSEVAKVLLDNGANVNHESKNGWTALRHAARYNQGEVAKVLLDNGANVNHEDKYGVTALMYAAGQGHSEVVKLLLDNGANVNHEKKDGWTALMWAALDGQSELVKILLENGANVNHENENGGTALMVATRNDKNEVAKVLLACRANPDTKDTDGNNTWDYAEGKRIMLAILEKYLNDVVAGRKFPPCDKTASN
I_palmata_OTU_1	1617_scaffold8,75291,f10Z75291,1+scaffold15,20033,f9Z20033,1,1_82815_83696_-_gene_type=bacteria	PF13637	Ankyrin repeats (many copies)	0.00023	Ank_4	Ank	MKNTFIALCSLILLVVSSVAFAAECPLCNAAYGGNLSEVKRLLDNGVDVNDQDKNGWTALGSAVRSNQSEVTKVLLDNGANVNYEDIEGWTALGLAARYNQSEVAKVLLDNGANVNHESKNGWTALRHAARYNQGEVAKVLLDNGANVNHEDKYGVTALMYAAGQGHSEVVKLLLDNGANVNHEKKDGWTALMWAALDGQSELVKILLENGANVNHENENGGTALMVATRNDKNEVAKVLLACRANPDTKDTDGNNTWDYAEGKRIMLAILEKYLNDVVAGRKFPPCDKTASN
I_palmata_OTU_1	1009_scaffold2,278870,f1Z278870,1,1_228865_229353_-_gene_type=bacteria	PF12796	Ankyrin repeats (3 copies)	3.7e-16	Ank_2	Ank	MKSAVVALLTIILLAVVSSAFVAGLSLGDILLATLPLFVAAQNGDLSEVERLLGEGTDVDAKDSSWGDTILIWVIKFTSKNKIEMVKLLLSKVANVDAKNEYGMTALMVAASESSELVNLLLKNGADPDIKDMYGKNIWDLAQCDSKICVILNEVRKNKTVK
I_palmata_OTU_1	1006_scaffold2,278870,f1Z278870,1,1_224695_225675_-_gene_type=bacteria	PF12796	Ankyrin repeats (3 copies)	1e-11	Ank_2	Ank	MKNVFIGLLTAILLATSPVAFSADCTLCEALEYGNLSEVKKLLQGGADVNSSNMGGESALMFAAGVKNSQVTKVLISRGANVFAINKKQETALMYAARAGNTEVVKVLLEKGSEVNSKDKDGWTALMHAAREGHHKVVVELLGRPEILVSDKNTIGWTALVFAASEGHTDAVEILILQTADVNNTDVVGNTALMYASAAGHKESAKTLLEQGASVNKRNATGETALILAAENGESALVRLLLECGAKSEAKDTSRKTAWDYAKNQKTISAIRKHRNAVLQGREFKSCSKVSKQELKQREKIRKDRLKALRKIAKEKARAERKAKRK
I_palmata_OTU_1	1006_scaffold2,278870,f1Z278870,1,1_224695_225675_-_gene_type=bacteria	PF12796	Ankyrin repeats (3 copies)	9.8e-15	Ank_2	Ank	MKNVFIGLLTAILLATSPVAFSADCTLCEALEYGNLSEVKKLLQGGADVNSSNMGGESALMFAAGVKNSQVTKVLISRGANVFAINKKQETALMYAARAGNTEVVKVLLEKGSEVNSKDKDGWTALMHAAREGHHKVVVELLGRPEILVSDKNTIGWTALVFAASEGHTDAVEILILQTADVNNTDVVGNTALMYASAAGHKESAKTLLEQGASVNKRNATGETALILAAENGESALVRLLLECGAKSEAKDTSRKTAWDYAKNQKTISAIRKHRNAVLQGREFKSCSKVSKQELKQREKIRKDRLKALRKIAKEKARAERKAKRK
I_palmata_OTU_1	1006_scaffold2,278870,f1Z278870,1,1_224695_225675_-_gene_type=bacteria	PF00023	Ankyrin repeat	0.22	-	-	MKNVFIGLLTAILLATSPVAFSADCTLCEALEYGNLSEVKKLLQGGADVNSSNMGGESALMFAAGVKNSQVTKVLISRGANVFAINKKQETALMYAARAGNTEVVKVLLEKGSEVNSKDKDGWTALMHAAREGHHKVVVELLGRPEILVSDKNTIGWTALVFAASEGHTDAVEILILQTADVNNTDVVGNTALMYASAAGHKESAKTLLEQGASVNKRNATGETALILAAENGESALVRLLLECGAKSEAKDTSRKTAWDYAKNQKTISAIRKHRNAVLQGREFKSCSKVSKQELKQREKIRKDRLKALRKIAKEKARAERKAKRK
I_palmata_OTU_1	1006_scaffold2,278870,f1Z278870,1,1_224695_225675_-_gene_type=bacteria	PF00023	Ankyrin repeat	2.3	-	-	MKNVFIGLLTAILLATSPVAFSADCTLCEALEYGNLSEVKKLLQGGADVNSSNMGGESALMFAAGVKNSQVTKVLISRGANVFAINKKQETALMYAARAGNTEVVKVLLEKGSEVNSKDKDGWTALMHAAREGHHKVVVELLGRPEILVSDKNTIGWTALVFAASEGHTDAVEILILQTADVNNTDVVGNTALMYASAAGHKESAKTLLEQGASVNKRNATGETALILAAENGESALVRLLLECGAKSEAKDTSRKTAWDYAKNQKTISAIRKHRNAVLQGREFKSCSKVSKQELKQREKIRKDRLKALRKIAKEKARAERKAKRK
I_palmata_OTU_1	542_scaffold14,20697,f35Z20697,1,1_19553_20215_+_gene_type=bacteria	PF12796	Ankyrin repeats (3 copies)	5e-10	Ank_2	Ank	MKNIFIALVSIILLNMSSVALAAGFSFGDVAEYGDILGLSPVMSVGLCSLCCAALLTDLPEAEIKKLLKEIDVNHKCEHRTPLIWAVNGKKIKLTQLLLGNKADVNAKSGDDGGMTALMFAAKDGHRELAQLLLDNKAAVNAKSRDGDMTALMFAVKDGHRELVELLLEYGANLDITNEYGKNALDFAKGKPIMRAILKKHINDVVRGRKSPSRDKTVSN
I_palmata_OTU_1	542_scaffold14,20697,f35Z20697,1,1_19553_20215_+_gene_type=bacteria	PF13857	Ankyrin repeats (many copies)	4.3e-07	Ank_5	Ank	MKNIFIALVSIILLNMSSVALAAGFSFGDVAEYGDILGLSPVMSVGLCSLCCAALLTDLPEAEIKKLLKEIDVNHKCEHRTPLIWAVNGKKIKLTQLLLGNKADVNAKSGDDGGMTALMFAAKDGHRELAQLLLDNKAAVNAKSRDGDMTALMFAVKDGHRELVELLLEYGANLDITNEYGKNALDFAKGKPIMRAILKKHINDVVRGRKSPSRDKTVSN
I_palmata_OTU_1	160_scaffold7,84234,r19z6393k22a0m100,f5Z77841,2,1_58864_60057_+_gene_type=bacteria	PF01011	PQQ enzyme repeat	0.14	-	-	MRRWFFGATGFAMKILSRDICRKGAIGVILPLFIAACGGVDKADETVGALVVDKDGRGALRVDWERNIGPYSDFLRPVASEQIICASNAHGEIFFLNPADGGDVHAPVQMQDVSGVITGAVGCDGETAAAVDEDGVLMVYDNQGSGLWRRKLKTRITSPPLVSSGNVFVLGHDGRLSAYSTRRGNLLWRYVSPLKNLLRTTIDSSPLAVNNLIYAGIDNGVIIALRRDSGRVVWNKRIATARSSHSFANILDVTTPVVRGDVICVAAYQGHIGCLDVNDGNVLWRHPLSVSRRVTIDRDGARVFAVDISGDVYAFSARDGELLWRKEVGQATVAAFVSGALIIGLENNTMAALAPDDGRVLTTLNMNGQVSYLVPLDDESALGATIGGGIFRTTFVF
I_palmata_OTU_1	160_scaffold7,84234,r19z6393k22a0m100,f5Z77841,2,1_58864_60057_+_gene_type=bacteria	PF13360	PQQ-like domain	1.7e-28	PQQ_2	PQQ	MRRWFFGATGFAMKILSRDICRKGAIGVILPLFIAACGGVDKADETVGALVVDKDGRGALRVDWERNIGPYSDFLRPVASEQIICASNAHGEIFFLNPADGGDVHAPVQMQDVSGVITGAVGCDGETAAAVDEDGVLMVYDNQGSGLWRRKLKTRITSPPLVSSGNVFVLGHDGRLSAYSTRRGNLLWRYVSPLKNLLRTTIDSSPLAVNNLIYAGIDNGVIIALRRDSGRVVWNKRIATARSSHSFANILDVTTPVVRGDVICVAAYQGHIGCLDVNDGNVLWRHPLSVSRRVTIDRDGARVFAVDISGDVYAFSARDGELLWRKEVGQATVAAFVSGALIIGLENNTMAALAPDDGRVLTTLNMNGQVSYLVPLDDESALGATIGGGIFRTTFVF
I_palmata_OTU_1	159_scaffold7,84234,r19z6393k22a0m100,f5Z77841,2,1_58055_58840_+_gene_type=bacteria	PF09976	Tetratricopeptide repeat-like domain	2e-21	TPR_21	TPR	MSDLNEELLERVQALWHSYKFHLIIVLLMIFSAIAGLLYKSAVRSTSHQIAGTSFYTIVNAVEEGDVEAASAALDGIDGEEFPEMRNLALVALATAHNTDGNAESAIARLREAEEQETDEGLRQALVLRLAELLINDGQTDEALAVLDDPEVEEDSAMNLLFAERRGDAYYAAGKLTEARVEYLRAREDALTSFRSYMPVLNIKIGAVSSLATNRQSEGEPNQQLDNGDAESDETNESGEGDSDNNDSEGAADSSATEETQ
I_palmata_OTU_1	144_scaffold7,84234,r19z6393k22a0m100,f5Z77841,2,1_41557_43161_+_gene_type=bacteria	PF13365	Trypsin-like peptidase domain	9.7e-29	-	-	MKNTFIALLTIVLLVVSPVAFAAECPLCVAAENGNLSEVKRLLHNDVDVNDENKNGWTDLMGAAGEGYREVAKLSLDKGANVNDENKNGWTALMGAAGEGHREVVKLLLDKGADVNHESKNGWRIGWTALMHAAWNGQSEVAKLLLENGANVNDKNEDGETALMGAAVSGQSEVAKVLLNNGANGGMALIWAAKRGHNKAVEILLDNSRVRPYRRVNVNYKDEDGWTALMFAARQGENEITKLLLDNGAYVDGKSKDGLTALMLAVYNSENEAAKVLLACGANPDIKDTAGSNAWKIAKDKPILFAILTKHLNDVVNGRKFPPCDKVATNKQNPTQPEVAGGIEADKLPKEHNIAERVFENTWRSVVYVDTYDAQGSGVIIRPNLVATNCHVVESANNIQVYKAEERRTNRDGVSYNATIIKQDEANDFCLLSVDGLWGIPATIRKYNTINIGEDVYGLGAPKGLDLSLSTGVVSQLRKDDEQRLIQTDTAISPGSSGGGLFDSEGNLIGILTEKIVDEDAEGLGFAIPADLAL
I_palmata_OTU_1	144_scaffold7,84234,r19z6393k22a0m100,f5Z77841,2,1_41557_43161_+_gene_type=bacteria	PF12796	Ankyrin repeats (3 copies)	2.8e-16	Ank_2	Ank	MKNTFIALLTIVLLVVSPVAFAAECPLCVAAENGNLSEVKRLLHNDVDVNDENKNGWTDLMGAAGEGYREVAKLSLDKGANVNDENKNGWTALMGAAGEGHREVVKLLLDKGADVNHESKNGWRIGWTALMHAAWNGQSEVAKLLLENGANVNDKNEDGETALMGAAVSGQSEVAKVLLNNGANGGMALIWAAKRGHNKAVEILLDNSRVRPYRRVNVNYKDEDGWTALMFAARQGENEITKLLLDNGAYVDGKSKDGLTALMLAVYNSENEAAKVLLACGANPDIKDTAGSNAWKIAKDKPILFAILTKHLNDVVNGRKFPPCDKVATNKQNPTQPEVAGGIEADKLPKEHNIAERVFENTWRSVVYVDTYDAQGSGVIIRPNLVATNCHVVESANNIQVYKAEERRTNRDGVSYNATIIKQDEANDFCLLSVDGLWGIPATIRKYNTINIGEDVYGLGAPKGLDLSLSTGVVSQLRKDDEQRLIQTDTAISPGSSGGGLFDSEGNLIGILTEKIVDEDAEGLGFAIPADLAL
I_palmata_OTU_1	144_scaffold7,84234,r19z6393k22a0m100,f5Z77841,2,1_41557_43161_+_gene_type=bacteria	PF12796	Ankyrin repeats (3 copies)	1.7e-16	Ank_2	Ank	MKNTFIALLTIVLLVVSPVAFAAECPLCVAAENGNLSEVKRLLHNDVDVNDENKNGWTDLMGAAGEGYREVAKLSLDKGANVNDENKNGWTALMGAAGEGHREVVKLLLDKGADVNHESKNGWRIGWTALMHAAWNGQSEVAKLLLENGANVNDKNEDGETALMGAAVSGQSEVAKVLLNNGANGGMALIWAAKRGHNKAVEILLDNSRVRPYRRVNVNYKDEDGWTALMFAARQGENEITKLLLDNGAYVDGKSKDGLTALMLAVYNSENEAAKVLLACGANPDIKDTAGSNAWKIAKDKPILFAILTKHLNDVVNGRKFPPCDKVATNKQNPTQPEVAGGIEADKLPKEHNIAERVFENTWRSVVYVDTYDAQGSGVIIRPNLVATNCHVVESANNIQVYKAEERRTNRDGVSYNATIIKQDEANDFCLLSVDGLWGIPATIRKYNTINIGEDVYGLGAPKGLDLSLSTGVVSQLRKDDEQRLIQTDTAISPGSSGGGLFDSEGNLIGILTEKIVDEDAEGLGFAIPADLAL
I_palmata_OTU_1	144_scaffold7,84234,r19z6393k22a0m100,f5Z77841,2,1_41557_43161_+_gene_type=bacteria	PF12796	Ankyrin repeats (3 copies)	6.5e-11	Ank_2	Ank	MKNTFIALLTIVLLVVSPVAFAAECPLCVAAENGNLSEVKRLLHNDVDVNDENKNGWTDLMGAAGEGYREVAKLSLDKGANVNDENKNGWTALMGAAGEGHREVVKLLLDKGADVNHESKNGWRIGWTALMHAAWNGQSEVAKLLLENGANVNDKNEDGETALMGAAVSGQSEVAKVLLNNGANGGMALIWAAKRGHNKAVEILLDNSRVRPYRRVNVNYKDEDGWTALMFAARQGENEITKLLLDNGAYVDGKSKDGLTALMLAVYNSENEAAKVLLACGANPDIKDTAGSNAWKIAKDKPILFAILTKHLNDVVNGRKFPPCDKVATNKQNPTQPEVAGGIEADKLPKEHNIAERVFENTWRSVVYVDTYDAQGSGVIIRPNLVATNCHVVESANNIQVYKAEERRTNRDGVSYNATIIKQDEANDFCLLSVDGLWGIPATIRKYNTINIGEDVYGLGAPKGLDLSLSTGVVSQLRKDDEQRLIQTDTAISPGSSGGGLFDSEGNLIGILTEKIVDEDAEGLGFAIPADLAL
I_palmata_OTU_1	432_scaffold4,131050,f6Z131050,1,1_50150_51727_-_gene_type=bacteria	PF13176	Tetratricopeptide repeat	50.0	-	-	MSLLLNSLKKADQENQNAEAEKQEGVEVVSPESSQVVAANPAASSSIDFDNIDSSSADVEATLSREGAGQQKDLVSASRVFRAGGDAEEHHSSGKVYVLIITLILIGGSVGVLTSGIVPGVNVPALLGLFGDKKAVVASDIVDDVPILTTASDGSKLIALPVPLVDIQADVEFAGLQVPNSSDLSTLEGRREYAKRIAILTGTSNNEDTEAEDDEFLGLDFGDPLEDEAVLAEEAAGVEEEAIEEEYTGIKTAEDNRLQRFSIGLRTPSDGAISRGVKINKVEQEEEIVVAQASTEEFESSEGEDAADSEGAAAVEETRETAEDIVVPSLSGIERQKMLSEARRFYIDGSYANAESVYRNILARSPLSRDALRGLALVAVATGRYQAAAATYLKILEYYPNDPVAIADLTNLHDNSTGENFYEIESALKKLIGDNPQLDPRLYFTLGNLYSRNNEWSEAQQSYFKAHSGEPTNPDYAYNLAVVLDYLNKPNLAVNYYREALELAKNRPSGFNSGEVEVRINSILK
I_palmata_OTU_1	432_scaffold4,131050,f6Z131050,1,1_50150_51727_-_gene_type=bacteria	PF13432	Tetratricopeptide repeat	0.00012	TPR_16	TPR	MSLLLNSLKKADQENQNAEAEKQEGVEVVSPESSQVVAANPAASSSIDFDNIDSSSADVEATLSREGAGQQKDLVSASRVFRAGGDAEEHHSSGKVYVLIITLILIGGSVGVLTSGIVPGVNVPALLGLFGDKKAVVASDIVDDVPILTTASDGSKLIALPVPLVDIQADVEFAGLQVPNSSDLSTLEGRREYAKRIAILTGTSNNEDTEAEDDEFLGLDFGDPLEDEAVLAEEAAGVEEEAIEEEYTGIKTAEDNRLQRFSIGLRTPSDGAISRGVKINKVEQEEEIVVAQASTEEFESSEGEDAADSEGAAAVEETRETAEDIVVPSLSGIERQKMLSEARRFYIDGSYANAESVYRNILARSPLSRDALRGLALVAVATGRYQAAAATYLKILEYYPNDPVAIADLTNLHDNSTGENFYEIESALKKLIGDNPQLDPRLYFTLGNLYSRNNEWSEAQQSYFKAHSGEPTNPDYAYNLAVVLDYLNKPNLAVNYYREALELAKNRPSGFNSGEVEVRINSILK
I_palmata_OTU_1	432_scaffold4,131050,f6Z131050,1,1_50150_51727_-_gene_type=bacteria	PF13181	Tetratricopeptide repeat	6.1	-	-	MSLLLNSLKKADQENQNAEAEKQEGVEVVSPESSQVVAANPAASSSIDFDNIDSSSADVEATLSREGAGQQKDLVSASRVFRAGGDAEEHHSSGKVYVLIITLILIGGSVGVLTSGIVPGVNVPALLGLFGDKKAVVASDIVDDVPILTTASDGSKLIALPVPLVDIQADVEFAGLQVPNSSDLSTLEGRREYAKRIAILTGTSNNEDTEAEDDEFLGLDFGDPLEDEAVLAEEAAGVEEEAIEEEYTGIKTAEDNRLQRFSIGLRTPSDGAISRGVKINKVEQEEEIVVAQASTEEFESSEGEDAADSEGAAAVEETRETAEDIVVPSLSGIERQKMLSEARRFYIDGSYANAESVYRNILARSPLSRDALRGLALVAVATGRYQAAAATYLKILEYYPNDPVAIADLTNLHDNSTGENFYEIESALKKLIGDNPQLDPRLYFTLGNLYSRNNEWSEAQQSYFKAHSGEPTNPDYAYNLAVVLDYLNKPNLAVNYYREALELAKNRPSGFNSGEVEVRINSILK
I_palmata_OTU_1	368_scaffold5,103580,f4Z103580,1,1_97804_100032_+_gene_type=bacteria	PF13414	TPR repeat	0.0026	TPR_11	TPR	MNSSQKQEAQEEASQLIKDFGDWFKKQGAAGILYRGLADKRWEVSSSLYRRLLDGKCVDEESQTDVEIYQIHRDANEKIIKGAKHQGYHREFGVLLNTLQTFAKLQHNGAATGLIDFTRNPLVALWFACKKIKGEETDENAQCRVIAINSGNDNVYQVIPEDVDKTTDELFEGKTIWIWQPPKQNNRIVSQHSEFVLGKPLIKIYNEFLIPSNLKESILAELAQYDISEKHLFCDFDGFTRIYAFDRPYNCEPTYATDAKTAAQSGDDEEAIKLYGRAIKNDEKNQTLYNERGIAKDKLGDFKGSIIDFDEALKLNDEYVEAYFNRGIAKHKLGDFKGSIIDFDKALELNPEYANAYFNRGSAKYKLGDFKGSIIDFDEALKLNDESVYVDAYFNRGITNDALGDFKGAIIDYDKTLELNPKYADAYNNRGVAKYKLGYFKDAIIDFDEALKLNDESVYVDAYFNRGIAKDKFGEFKGAIIDFDKALELNPEYANAYFNRGGAKYKLGNFKGAIIDFDEALKLNDKSVYVDAYYNRGIAKYALGDFKDAIIDFDKALELNPEYANAYINRGGTKYALGDFKDAIIDFDEALKLNDESVDVYFNRGITNDALGDFKGAIIDYDKALALNPEYAGAYNNRGSVKYKLGDFKDAIIDFDKALELNPKYAIAYFNRGGTNDALGDFKGAIIDYDKALELNDKHADAYYNRGVAKDKLGDQKGALADFKKANELDPRIEIPELSFDD
I_palmata_OTU_1	368_scaffold5,103580,f4Z103580,1,1_97804_100032_+_gene_type=bacteria	PF13414	TPR repeat	0.00054	TPR_11	TPR	MNSSQKQEAQEEASQLIKDFGDWFKKQGAAGILYRGLADKRWEVSSSLYRRLLDGKCVDEESQTDVEIYQIHRDANEKIIKGAKHQGYHREFGVLLNTLQTFAKLQHNGAATGLIDFTRNPLVALWFACKKIKGEETDENAQCRVIAINSGNDNVYQVIPEDVDKTTDELFEGKTIWIWQPPKQNNRIVSQHSEFVLGKPLIKIYNEFLIPSNLKESILAELAQYDISEKHLFCDFDGFTRIYAFDRPYNCEPTYATDAKTAAQSGDDEEAIKLYGRAIKNDEKNQTLYNERGIAKDKLGDFKGSIIDFDEALKLNDEYVEAYFNRGIAKHKLGDFKGSIIDFDKALELNPEYANAYFNRGSAKYKLGDFKGSIIDFDEALKLNDESVYVDAYFNRGITNDALGDFKGAIIDYDKTLELNPKYADAYNNRGVAKYKLGYFKDAIIDFDEALKLNDESVYVDAYFNRGIAKDKFGEFKGAIIDFDKALELNPEYANAYFNRGGAKYKLGNFKGAIIDFDEALKLNDKSVYVDAYYNRGIAKYALGDFKDAIIDFDKALELNPEYANAYINRGGTKYALGDFKDAIIDFDEALKLNDESVDVYFNRGITNDALGDFKGAIIDYDKALALNPEYAGAYNNRGSVKYKLGDFKDAIIDFDKALELNPKYAIAYFNRGGTNDALGDFKGAIIDYDKALELNDKHADAYYNRGVAKDKLGDQKGALADFKKANELDPRIEIPELSFDD
I_palmata_OTU_1	368_scaffold5,103580,f4Z103580,1,1_97804_100032_+_gene_type=bacteria	PF13414	TPR repeat	7.2e-05	TPR_11	TPR	MNSSQKQEAQEEASQLIKDFGDWFKKQGAAGILYRGLADKRWEVSSSLYRRLLDGKCVDEESQTDVEIYQIHRDANEKIIKGAKHQGYHREFGVLLNTLQTFAKLQHNGAATGLIDFTRNPLVALWFACKKIKGEETDENAQCRVIAINSGNDNVYQVIPEDVDKTTDELFEGKTIWIWQPPKQNNRIVSQHSEFVLGKPLIKIYNEFLIPSNLKESILAELAQYDISEKHLFCDFDGFTRIYAFDRPYNCEPTYATDAKTAAQSGDDEEAIKLYGRAIKNDEKNQTLYNERGIAKDKLGDFKGSIIDFDEALKLNDEYVEAYFNRGIAKHKLGDFKGSIIDFDKALELNPEYANAYFNRGSAKYKLGDFKGSIIDFDEALKLNDESVYVDAYFNRGITNDALGDFKGAIIDYDKTLELNPKYADAYNNRGVAKYKLGYFKDAIIDFDEALKLNDESVYVDAYFNRGIAKDKFGEFKGAIIDFDKALELNPEYANAYFNRGGAKYKLGNFKGAIIDFDEALKLNDKSVYVDAYYNRGIAKYALGDFKDAIIDFDKALELNPEYANAYINRGGTKYALGDFKDAIIDFDEALKLNDESVDVYFNRGITNDALGDFKGAIIDYDKALALNPEYAGAYNNRGSVKYKLGDFKDAIIDFDKALELNPKYAIAYFNRGGTNDALGDFKGAIIDYDKALELNDKHADAYYNRGVAKDKLGDQKGALADFKKANELDPRIEIPELSFDD
I_palmata_OTU_1	368_scaffold5,103580,f4Z103580,1,1_97804_100032_+_gene_type=bacteria	PF13414	TPR repeat	8.5e-05	TPR_11	TPR	MNSSQKQEAQEEASQLIKDFGDWFKKQGAAGILYRGLADKRWEVSSSLYRRLLDGKCVDEESQTDVEIYQIHRDANEKIIKGAKHQGYHREFGVLLNTLQTFAKLQHNGAATGLIDFTRNPLVALWFACKKIKGEETDENAQCRVIAINSGNDNVYQVIPEDVDKTTDELFEGKTIWIWQPPKQNNRIVSQHSEFVLGKPLIKIYNEFLIPSNLKESILAELAQYDISEKHLFCDFDGFTRIYAFDRPYNCEPTYATDAKTAAQSGDDEEAIKLYGRAIKNDEKNQTLYNERGIAKDKLGDFKGSIIDFDEALKLNDEYVEAYFNRGIAKHKLGDFKGSIIDFDKALELNPEYANAYFNRGSAKYKLGDFKGSIIDFDEALKLNDESVYVDAYFNRGITNDALGDFKGAIIDYDKTLELNPKYADAYNNRGVAKYKLGYFKDAIIDFDEALKLNDESVYVDAYFNRGIAKDKFGEFKGAIIDFDKALELNPEYANAYFNRGGAKYKLGNFKGAIIDFDEALKLNDKSVYVDAYYNRGIAKYALGDFKDAIIDFDKALELNPEYANAYINRGGTKYALGDFKDAIIDFDEALKLNDESVDVYFNRGITNDALGDFKGAIIDYDKALALNPEYAGAYNNRGSVKYKLGDFKDAIIDFDKALELNPKYAIAYFNRGGTNDALGDFKGAIIDYDKALELNDKHADAYYNRGVAKDKLGDQKGALADFKKANELDPRIEIPELSFDD
I_palmata_OTU_1	368_scaffold5,103580,f4Z103580,1,1_97804_100032_+_gene_type=bacteria	PF08867	FRG domain	5.7e-10	-	-	MNSSQKQEAQEEASQLIKDFGDWFKKQGAAGILYRGLADKRWEVSSSLYRRLLDGKCVDEESQTDVEIYQIHRDANEKIIKGAKHQGYHREFGVLLNTLQTFAKLQHNGAATGLIDFTRNPLVALWFACKKIKGEETDENAQCRVIAINSGNDNVYQVIPEDVDKTTDELFEGKTIWIWQPPKQNNRIVSQHSEFVLGKPLIKIYNEFLIPSNLKESILAELAQYDISEKHLFCDFDGFTRIYAFDRPYNCEPTYATDAKTAAQSGDDEEAIKLYGRAIKNDEKNQTLYNERGIAKDKLGDFKGSIIDFDEALKLNDEYVEAYFNRGIAKHKLGDFKGSIIDFDKALELNPEYANAYFNRGSAKYKLGDFKGSIIDFDEALKLNDESVYVDAYFNRGITNDALGDFKGAIIDYDKTLELNPKYADAYNNRGVAKYKLGYFKDAIIDFDEALKLNDESVYVDAYFNRGIAKDKFGEFKGAIIDFDKALELNPEYANAYFNRGGAKYKLGNFKGAIIDFDEALKLNDKSVYVDAYYNRGIAKYALGDFKDAIIDFDKALELNPEYANAYINRGGTKYALGDFKDAIIDFDEALKLNDESVDVYFNRGITNDALGDFKGAIIDYDKALALNPEYAGAYNNRGSVKYKLGDFKDAIIDFDKALELNPKYAIAYFNRGGTNDALGDFKGAIIDYDKALELNDKHADAYYNRGVAKDKLGDQKGALADFKKANELDPRIEIPELSFDD
I_palmata_OTU_1	368_scaffold5,103580,f4Z103580,1,1_97804_100032_+_gene_type=bacteria	PF13181	Tetratricopeptide repeat	95.0	-	-	MNSSQKQEAQEEASQLIKDFGDWFKKQGAAGILYRGLADKRWEVSSSLYRRLLDGKCVDEESQTDVEIYQIHRDANEKIIKGAKHQGYHREFGVLLNTLQTFAKLQHNGAATGLIDFTRNPLVALWFACKKIKGEETDENAQCRVIAINSGNDNVYQVIPEDVDKTTDELFEGKTIWIWQPPKQNNRIVSQHSEFVLGKPLIKIYNEFLIPSNLKESILAELAQYDISEKHLFCDFDGFTRIYAFDRPYNCEPTYATDAKTAAQSGDDEEAIKLYGRAIKNDEKNQTLYNERGIAKDKLGDFKGSIIDFDEALKLNDEYVEAYFNRGIAKHKLGDFKGSIIDFDKALELNPEYANAYFNRGSAKYKLGDFKGSIIDFDEALKLNDESVYVDAYFNRGITNDALGDFKGAIIDYDKTLELNPKYADAYNNRGVAKYKLGYFKDAIIDFDEALKLNDESVYVDAYFNRGIAKDKFGEFKGAIIDFDKALELNPEYANAYFNRGGAKYKLGNFKGAIIDFDEALKLNDKSVYVDAYYNRGIAKYALGDFKDAIIDFDKALELNPEYANAYINRGGTKYALGDFKDAIIDFDEALKLNDESVDVYFNRGITNDALGDFKGAIIDYDKALALNPEYAGAYNNRGSVKYKLGDFKDAIIDFDKALELNPKYAIAYFNRGGTNDALGDFKGAIIDYDKALELNDKHADAYYNRGVAKDKLGDQKGALADFKKANELDPRIEIPELSFDD
I_palmata_OTU_1	368_scaffold5,103580,f4Z103580,1,1_97804_100032_+_gene_type=bacteria	PF00515	Tetratricopeptide repeat	1.4e-06	TPR_1	TPR	MNSSQKQEAQEEASQLIKDFGDWFKKQGAAGILYRGLADKRWEVSSSLYRRLLDGKCVDEESQTDVEIYQIHRDANEKIIKGAKHQGYHREFGVLLNTLQTFAKLQHNGAATGLIDFTRNPLVALWFACKKIKGEETDENAQCRVIAINSGNDNVYQVIPEDVDKTTDELFEGKTIWIWQPPKQNNRIVSQHSEFVLGKPLIKIYNEFLIPSNLKESILAELAQYDISEKHLFCDFDGFTRIYAFDRPYNCEPTYATDAKTAAQSGDDEEAIKLYGRAIKNDEKNQTLYNERGIAKDKLGDFKGSIIDFDEALKLNDEYVEAYFNRGIAKHKLGDFKGSIIDFDKALELNPEYANAYFNRGSAKYKLGDFKGSIIDFDEALKLNDESVYVDAYFNRGITNDALGDFKGAIIDYDKTLELNPKYADAYNNRGVAKYKLGYFKDAIIDFDEALKLNDESVYVDAYFNRGIAKDKFGEFKGAIIDFDKALELNPEYANAYFNRGGAKYKLGNFKGAIIDFDEALKLNDKSVYVDAYYNRGIAKYALGDFKDAIIDFDKALELNPEYANAYINRGGTKYALGDFKDAIIDFDEALKLNDESVDVYFNRGITNDALGDFKGAIIDYDKALALNPEYAGAYNNRGSVKYKLGDFKDAIIDFDKALELNPKYAIAYFNRGGTNDALGDFKGAIIDYDKALELNDKHADAYYNRGVAKDKLGDQKGALADFKKANELDPRIEIPELSFDD
I_palmata_OTU_1	368_scaffold5,103580,f4Z103580,1,1_97804_100032_+_gene_type=bacteria	PF00515	Tetratricopeptide repeat	7.3e-06	TPR_1	TPR	MNSSQKQEAQEEASQLIKDFGDWFKKQGAAGILYRGLADKRWEVSSSLYRRLLDGKCVDEESQTDVEIYQIHRDANEKIIKGAKHQGYHREFGVLLNTLQTFAKLQHNGAATGLIDFTRNPLVALWFACKKIKGEETDENAQCRVIAINSGNDNVYQVIPEDVDKTTDELFEGKTIWIWQPPKQNNRIVSQHSEFVLGKPLIKIYNEFLIPSNLKESILAELAQYDISEKHLFCDFDGFTRIYAFDRPYNCEPTYATDAKTAAQSGDDEEAIKLYGRAIKNDEKNQTLYNERGIAKDKLGDFKGSIIDFDEALKLNDEYVEAYFNRGIAKHKLGDFKGSIIDFDKALELNPEYANAYFNRGSAKYKLGDFKGSIIDFDEALKLNDESVYVDAYFNRGITNDALGDFKGAIIDYDKTLELNPKYADAYNNRGVAKYKLGYFKDAIIDFDEALKLNDESVYVDAYFNRGIAKDKFGEFKGAIIDFDKALELNPEYANAYFNRGGAKYKLGNFKGAIIDFDEALKLNDKSVYVDAYYNRGIAKYALGDFKDAIIDFDKALELNPEYANAYINRGGTKYALGDFKDAIIDFDEALKLNDESVDVYFNRGITNDALGDFKGAIIDYDKALALNPEYAGAYNNRGSVKYKLGDFKDAIIDFDKALELNPKYAIAYFNRGGTNDALGDFKGAIIDYDKALELNDKHADAYYNRGVAKDKLGDQKGALADFKKANELDPRIEIPELSFDD
I_palmata_OTU_1	368_scaffold5,103580,f4Z103580,1,1_97804_100032_+_gene_type=bacteria	PF00515	Tetratricopeptide repeat	0.0018	TPR_1	TPR	MNSSQKQEAQEEASQLIKDFGDWFKKQGAAGILYRGLADKRWEVSSSLYRRLLDGKCVDEESQTDVEIYQIHRDANEKIIKGAKHQGYHREFGVLLNTLQTFAKLQHNGAATGLIDFTRNPLVALWFACKKIKGEETDENAQCRVIAINSGNDNVYQVIPEDVDKTTDELFEGKTIWIWQPPKQNNRIVSQHSEFVLGKPLIKIYNEFLIPSNLKESILAELAQYDISEKHLFCDFDGFTRIYAFDRPYNCEPTYATDAKTAAQSGDDEEAIKLYGRAIKNDEKNQTLYNERGIAKDKLGDFKGSIIDFDEALKLNDEYVEAYFNRGIAKHKLGDFKGSIIDFDKALELNPEYANAYFNRGSAKYKLGDFKGSIIDFDEALKLNDESVYVDAYFNRGITNDALGDFKGAIIDYDKTLELNPKYADAYNNRGVAKYKLGYFKDAIIDFDEALKLNDESVYVDAYFNRGIAKDKFGEFKGAIIDFDKALELNPEYANAYFNRGGAKYKLGNFKGAIIDFDEALKLNDKSVYVDAYYNRGIAKYALGDFKDAIIDFDKALELNPEYANAYINRGGTKYALGDFKDAIIDFDEALKLNDESVDVYFNRGITNDALGDFKGAIIDYDKALALNPEYAGAYNNRGSVKYKLGDFKDAIIDFDKALELNPKYAIAYFNRGGTNDALGDFKGAIIDYDKALELNDKHADAYYNRGVAKDKLGDQKGALADFKKANELDPRIEIPELSFDD
I_palmata_OTU_1	1451_scaffold1,324557,f2Z324557,1,1_317924_319186_+_gene_type=bacteria	PF12796	Ankyrin repeats (3 copies)	8.1e-09	Ank_2	Ank	MKHKIMTKLLIALFAFASFSLSPSVMASEECPFCKVAEEGDLDGIKKLVHFQEDVNAPNALGRTPLMWTAIKGHAAAAKLLLESEADPDAVNVLGRTALMWAAIKNKTNVMVHILNHDADIDKVSRNGYTALMRAASFGHVEALELLLDKGADPNIATSAIGRTALAGAVVNNQLEVVKMMLEKGAAIDVVEKDGTSLLLIAATKGHLDILLYLLDEDADINHADEKGETALMKAAGNGHLDIVEALADSGRSIKLNATTKNEETAISVAARAGHFLIVELLIKLGSNANHHNKFGETPLMLVAKGGHQDSAELLIRNGADVNATSISGATGLMLAAFGAHPEMVRLLIDKGANIDQQTKRGYTALMLAAKKGNIAETRLLVRLHADLNIRDKNGLTALRLARNDGHEEIVRLLQGAGAE
I_palmata_OTU_1	1451_scaffold1,324557,f2Z324557,1,1_317924_319186_+_gene_type=bacteria	PF12796	Ankyrin repeats (3 copies)	5.2e-14	Ank_2	Ank	MKHKIMTKLLIALFAFASFSLSPSVMASEECPFCKVAEEGDLDGIKKLVHFQEDVNAPNALGRTPLMWTAIKGHAAAAKLLLESEADPDAVNVLGRTALMWAAIKNKTNVMVHILNHDADIDKVSRNGYTALMRAASFGHVEALELLLDKGADPNIATSAIGRTALAGAVVNNQLEVVKMMLEKGAAIDVVEKDGTSLLLIAATKGHLDILLYLLDEDADINHADEKGETALMKAAGNGHLDIVEALADSGRSIKLNATTKNEETAISVAARAGHFLIVELLIKLGSNANHHNKFGETPLMLVAKGGHQDSAELLIRNGADVNATSISGATGLMLAAFGAHPEMVRLLIDKGANIDQQTKRGYTALMLAAKKGNIAETRLLVRLHADLNIRDKNGLTALRLARNDGHEEIVRLLQGAGAE
I_palmata_OTU_1	1451_scaffold1,324557,f2Z324557,1,1_317924_319186_+_gene_type=bacteria	PF12796	Ankyrin repeats (3 copies)	3.8e-13	Ank_2	Ank	MKHKIMTKLLIALFAFASFSLSPSVMASEECPFCKVAEEGDLDGIKKLVHFQEDVNAPNALGRTPLMWTAIKGHAAAAKLLLESEADPDAVNVLGRTALMWAAIKNKTNVMVHILNHDADIDKVSRNGYTALMRAASFGHVEALELLLDKGADPNIATSAIGRTALAGAVVNNQLEVVKMMLEKGAAIDVVEKDGTSLLLIAATKGHLDILLYLLDEDADINHADEKGETALMKAAGNGHLDIVEALADSGRSIKLNATTKNEETAISVAARAGHFLIVELLIKLGSNANHHNKFGETPLMLVAKGGHQDSAELLIRNGADVNATSISGATGLMLAAFGAHPEMVRLLIDKGANIDQQTKRGYTALMLAAKKGNIAETRLLVRLHADLNIRDKNGLTALRLARNDGHEEIVRLLQGAGAE
I_palmata_OTU_1	1451_scaffold1,324557,f2Z324557,1,1_317924_319186_+_gene_type=bacteria	PF12796	Ankyrin repeats (3 copies)	2.5e-11	Ank_2	Ank	MKHKIMTKLLIALFAFASFSLSPSVMASEECPFCKVAEEGDLDGIKKLVHFQEDVNAPNALGRTPLMWTAIKGHAAAAKLLLESEADPDAVNVLGRTALMWAAIKNKTNVMVHILNHDADIDKVSRNGYTALMRAASFGHVEALELLLDKGADPNIATSAIGRTALAGAVVNNQLEVVKMMLEKGAAIDVVEKDGTSLLLIAATKGHLDILLYLLDEDADINHADEKGETALMKAAGNGHLDIVEALADSGRSIKLNATTKNEETAISVAARAGHFLIVELLIKLGSNANHHNKFGETPLMLVAKGGHQDSAELLIRNGADVNATSISGATGLMLAAFGAHPEMVRLLIDKGANIDQQTKRGYTALMLAAKKGNIAETRLLVRLHADLNIRDKNGLTALRLARNDGHEEIVRLLQGAGAE
I_palmata_OTU_1	1451_scaffold1,324557,f2Z324557,1,1_317924_319186_+_gene_type=bacteria	PF00023	Ankyrin repeat	0.00011	Ank	Ank	MKHKIMTKLLIALFAFASFSLSPSVMASEECPFCKVAEEGDLDGIKKLVHFQEDVNAPNALGRTPLMWTAIKGHAAAAKLLLESEADPDAVNVLGRTALMWAAIKNKTNVMVHILNHDADIDKVSRNGYTALMRAASFGHVEALELLLDKGADPNIATSAIGRTALAGAVVNNQLEVVKMMLEKGAAIDVVEKDGTSLLLIAATKGHLDILLYLLDEDADINHADEKGETALMKAAGNGHLDIVEALADSGRSIKLNATTKNEETAISVAARAGHFLIVELLIKLGSNANHHNKFGETPLMLVAKGGHQDSAELLIRNGADVNATSISGATGLMLAAFGAHPEMVRLLIDKGANIDQQTKRGYTALMLAAKKGNIAETRLLVRLHADLNIRDKNGLTALRLARNDGHEEIVRLLQGAGAE
I_palmata_OTU_1	1007_scaffold2,278870,f1Z278870,1,1_226000_228111_-_gene_type=bacteria	PF00023	Ankyrin repeat	0.055	-	-	MKNKFIALFSLILLAVSPVAFAAECPLCDAAENGDLSEVKRMLDNGVNVNQEDKNGITPLMWAARHDHSEVAKVFLEIGLESGADVNYENKDDKTDLIATVAKLAALHNQSEVAKLLLDNGANVNHESKDGWTALMWAANKNQSEVVKLLLDNEANANHESKDSWTALKLAAWNNQSEVAKVLLENGAYPNDESKNGWTALGVAARHNQSEVAKVLLENGANVNYENKDGWTALGFAARNNQSEVAKVLLENRAYPNDESINGWTALGHAARHNQSEVAKVLLENGANVNYENKDGWTALWFAAWNKQSEVAKVLLENGANVNYENGNGWTALGHAARNNQSEVTKLLLENGANVNYESKDGWTALNLAVRHNQSEVAKVLLDNGANVNYENKNRGTALMAAAALGHSEVAKLLLENGANVNYESKDRAIALMVAAFAGHSEVTKVLLECGANPDIRNNDGDNAWDVAKDKPIVFAILTKHLNDVVAGRKFPPCDRVATNKQTPNQPDVVSGIEAKKLPKQNNVAEYVFENAWRSVVFIDTYDGQGSGVIIQPNVVATNCHVVENSNNIQVYKAEKQRTNRDVSYNATILKQDDGNDFCLLSVKGLWGIPAVVRRYNTLNVGEDVYGLGAPQGLDLSLSTGIVSQLRKEDGERLIQTDTAISPGSSGGGLFDSEGNLIGIMTKKIVDDDVEGIGFAIPADLAL
I_palmata_OTU_1	1007_scaffold2,278870,f1Z278870,1,1_226000_228111_-_gene_type=bacteria	PF00023	Ankyrin repeat	0.0065	Ank	Ank	MKNKFIALFSLILLAVSPVAFAAECPLCDAAENGDLSEVKRMLDNGVNVNQEDKNGITPLMWAARHDHSEVAKVFLEIGLESGADVNYENKDDKTDLIATVAKLAALHNQSEVAKLLLDNGANVNHESKDGWTALMWAANKNQSEVVKLLLDNEANANHESKDSWTALKLAAWNNQSEVAKVLLENGAYPNDESKNGWTALGVAARHNQSEVAKVLLENGANVNYENKDGWTALGFAARNNQSEVAKVLLENRAYPNDESINGWTALGHAARHNQSEVAKVLLENGANVNYENKDGWTALWFAAWNKQSEVAKVLLENGANVNYENGNGWTALGHAARNNQSEVTKLLLENGANVNYESKDGWTALNLAVRHNQSEVAKVLLDNGANVNYENKNRGTALMAAAALGHSEVAKLLLENGANVNYESKDRAIALMVAAFAGHSEVTKVLLECGANPDIRNNDGDNAWDVAKDKPIVFAILTKHLNDVVAGRKFPPCDRVATNKQTPNQPDVVSGIEAKKLPKQNNVAEYVFENAWRSVVFIDTYDGQGSGVIIQPNVVATNCHVVENSNNIQVYKAEKQRTNRDVSYNATILKQDDGNDFCLLSVKGLWGIPAVVRRYNTLNVGEDVYGLGAPQGLDLSLSTGIVSQLRKEDGERLIQTDTAISPGSSGGGLFDSEGNLIGIMTKKIVDDDVEGIGFAIPADLAL
I_palmata_OTU_1	1007_scaffold2,278870,f1Z278870,1,1_226000_228111_-_gene_type=bacteria	PF12796	Ankyrin repeats (3 copies)	4.7e-18	Ank_2	Ank	MKNKFIALFSLILLAVSPVAFAAECPLCDAAENGDLSEVKRMLDNGVNVNQEDKNGITPLMWAARHDHSEVAKVFLEIGLESGADVNYENKDDKTDLIATVAKLAALHNQSEVAKLLLDNGANVNHESKDGWTALMWAANKNQSEVVKLLLDNEANANHESKDSWTALKLAAWNNQSEVAKVLLENGAYPNDESKNGWTALGVAARHNQSEVAKVLLENGANVNYENKDGWTALGFAARNNQSEVAKVLLENRAYPNDESINGWTALGHAARHNQSEVAKVLLENGANVNYENKDGWTALWFAAWNKQSEVAKVLLENGANVNYENGNGWTALGHAARNNQSEVTKLLLENGANVNYESKDGWTALNLAVRHNQSEVAKVLLDNGANVNYENKNRGTALMAAAALGHSEVAKLLLENGANVNYESKDRAIALMVAAFAGHSEVTKVLLECGANPDIRNNDGDNAWDVAKDKPIVFAILTKHLNDVVAGRKFPPCDRVATNKQTPNQPDVVSGIEAKKLPKQNNVAEYVFENAWRSVVFIDTYDGQGSGVIIQPNVVATNCHVVENSNNIQVYKAEKQRTNRDVSYNATILKQDDGNDFCLLSVKGLWGIPAVVRRYNTLNVGEDVYGLGAPQGLDLSLSTGIVSQLRKEDGERLIQTDTAISPGSSGGGLFDSEGNLIGIMTKKIVDDDVEGIGFAIPADLAL
I_palmata_OTU_1	1007_scaffold2,278870,f1Z278870,1,1_226000_228111_-_gene_type=bacteria	PF12796	Ankyrin repeats (3 copies)	6.9e-13	Ank_2	Ank	MKNKFIALFSLILLAVSPVAFAAECPLCDAAENGDLSEVKRMLDNGVNVNQEDKNGITPLMWAARHDHSEVAKVFLEIGLESGADVNYENKDDKTDLIATVAKLAALHNQSEVAKLLLDNGANVNHESKDGWTALMWAANKNQSEVVKLLLDNEANANHESKDSWTALKLAAWNNQSEVAKVLLENGAYPNDESKNGWTALGVAARHNQSEVAKVLLENGANVNYENKDGWTALGFAARNNQSEVAKVLLENRAYPNDESINGWTALGHAARHNQSEVAKVLLENGANVNYENKDGWTALWFAAWNKQSEVAKVLLENGANVNYENGNGWTALGHAARNNQSEVTKLLLENGANVNYESKDGWTALNLAVRHNQSEVAKVLLDNGANVNYENKNRGTALMAAAALGHSEVAKLLLENGANVNYESKDRAIALMVAAFAGHSEVTKVLLECGANPDIRNNDGDNAWDVAKDKPIVFAILTKHLNDVVAGRKFPPCDRVATNKQTPNQPDVVSGIEAKKLPKQNNVAEYVFENAWRSVVFIDTYDGQGSGVIIQPNVVATNCHVVENSNNIQVYKAEKQRTNRDVSYNATILKQDDGNDFCLLSVKGLWGIPAVVRRYNTLNVGEDVYGLGAPQGLDLSLSTGIVSQLRKEDGERLIQTDTAISPGSSGGGLFDSEGNLIGIMTKKIVDDDVEGIGFAIPADLAL
I_palmata_OTU_1	1007_scaffold2,278870,f1Z278870,1,1_226000_228111_-_gene_type=bacteria	PF13365	Trypsin-like peptidase domain	5.9e-26	-	-	MKNKFIALFSLILLAVSPVAFAAECPLCDAAENGDLSEVKRMLDNGVNVNQEDKNGITPLMWAARHDHSEVAKVFLEIGLESGADVNYENKDDKTDLIATVAKLAALHNQSEVAKLLLDNGANVNHESKDGWTALMWAANKNQSEVVKLLLDNEANANHESKDSWTALKLAAWNNQSEVAKVLLENGAYPNDESKNGWTALGVAARHNQSEVAKVLLENGANVNYENKDGWTALGFAARNNQSEVAKVLLENRAYPNDESINGWTALGHAARHNQSEVAKVLLENGANVNYENKDGWTALWFAAWNKQSEVAKVLLENGANVNYENGNGWTALGHAARNNQSEVTKLLLENGANVNYESKDGWTALNLAVRHNQSEVAKVLLDNGANVNYENKNRGTALMAAAALGHSEVAKLLLENGANVNYESKDRAIALMVAAFAGHSEVTKVLLECGANPDIRNNDGDNAWDVAKDKPIVFAILTKHLNDVVAGRKFPPCDRVATNKQTPNQPDVVSGIEAKKLPKQNNVAEYVFENAWRSVVFIDTYDGQGSGVIIQPNVVATNCHVVENSNNIQVYKAEKQRTNRDVSYNATILKQDDGNDFCLLSVKGLWGIPAVVRRYNTLNVGEDVYGLGAPQGLDLSLSTGIVSQLRKEDGERLIQTDTAISPGSSGGGLFDSEGNLIGIMTKKIVDDDVEGIGFAIPADLAL
I_palmata_OTU_1	1007_scaffold2,278870,f1Z278870,1,1_226000_228111_-_gene_type=bacteria	PF13637	Ankyrin repeats (many copies)	2.3e-05	Ank_4	Ank	MKNKFIALFSLILLAVSPVAFAAECPLCDAAENGDLSEVKRMLDNGVNVNQEDKNGITPLMWAARHDHSEVAKVFLEIGLESGADVNYENKDDKTDLIATVAKLAALHNQSEVAKLLLDNGANVNHESKDGWTALMWAANKNQSEVVKLLLDNEANANHESKDSWTALKLAAWNNQSEVAKVLLENGAYPNDESKNGWTALGVAARHNQSEVAKVLLENGANVNYENKDGWTALGFAARNNQSEVAKVLLENRAYPNDESINGWTALGHAARHNQSEVAKVLLENGANVNYENKDGWTALWFAAWNKQSEVAKVLLENGANVNYENGNGWTALGHAARNNQSEVTKLLLENGANVNYESKDGWTALNLAVRHNQSEVAKVLLDNGANVNYENKNRGTALMAAAALGHSEVAKLLLENGANVNYESKDRAIALMVAAFAGHSEVTKVLLECGANPDIRNNDGDNAWDVAKDKPIVFAILTKHLNDVVAGRKFPPCDRVATNKQTPNQPDVVSGIEAKKLPKQNNVAEYVFENAWRSVVFIDTYDGQGSGVIIQPNVVATNCHVVENSNNIQVYKAEKQRTNRDVSYNATILKQDDGNDFCLLSVKGLWGIPAVVRRYNTLNVGEDVYGLGAPQGLDLSLSTGIVSQLRKEDGERLIQTDTAISPGSSGGGLFDSEGNLIGIMTKKIVDDDVEGIGFAIPADLAL
I_palmata_OTU_1	1007_scaffold2,278870,f1Z278870,1,1_226000_228111_-_gene_type=bacteria	PF13637	Ankyrin repeats (many copies)	5.9e-06	Ank_4	Ank	MKNKFIALFSLILLAVSPVAFAAECPLCDAAENGDLSEVKRMLDNGVNVNQEDKNGITPLMWAARHDHSEVAKVFLEIGLESGADVNYENKDDKTDLIATVAKLAALHNQSEVAKLLLDNGANVNHESKDGWTALMWAANKNQSEVVKLLLDNEANANHESKDSWTALKLAAWNNQSEVAKVLLENGAYPNDESKNGWTALGVAARHNQSEVAKVLLENGANVNYENKDGWTALGFAARNNQSEVAKVLLENRAYPNDESINGWTALGHAARHNQSEVAKVLLENGANVNYENKDGWTALWFAAWNKQSEVAKVLLENGANVNYENGNGWTALGHAARNNQSEVTKLLLENGANVNYESKDGWTALNLAVRHNQSEVAKVLLDNGANVNYENKNRGTALMAAAALGHSEVAKLLLENGANVNYESKDRAIALMVAAFAGHSEVTKVLLECGANPDIRNNDGDNAWDVAKDKPIVFAILTKHLNDVVAGRKFPPCDRVATNKQTPNQPDVVSGIEAKKLPKQNNVAEYVFENAWRSVVFIDTYDGQGSGVIIQPNVVATNCHVVENSNNIQVYKAEKQRTNRDVSYNATILKQDDGNDFCLLSVKGLWGIPAVVRRYNTLNVGEDVYGLGAPQGLDLSLSTGIVSQLRKEDGERLIQTDTAISPGSSGGGLFDSEGNLIGIMTKKIVDDDVEGIGFAIPADLAL
I_palmata_OTU_1	1007_scaffold2,278870,f1Z278870,1,1_226000_228111_-_gene_type=bacteria	PF13637	Ankyrin repeats (many copies)	6.8e-05	Ank_4	Ank	MKNKFIALFSLILLAVSPVAFAAECPLCDAAENGDLSEVKRMLDNGVNVNQEDKNGITPLMWAARHDHSEVAKVFLEIGLESGADVNYENKDDKTDLIATVAKLAALHNQSEVAKLLLDNGANVNHESKDGWTALMWAANKNQSEVVKLLLDNEANANHESKDSWTALKLAAWNNQSEVAKVLLENGAYPNDESKNGWTALGVAARHNQSEVAKVLLENGANVNYENKDGWTALGFAARNNQSEVAKVLLENRAYPNDESINGWTALGHAARHNQSEVAKVLLENGANVNYENKDGWTALWFAAWNKQSEVAKVLLENGANVNYENGNGWTALGHAARNNQSEVTKLLLENGANVNYESKDGWTALNLAVRHNQSEVAKVLLDNGANVNYENKNRGTALMAAAALGHSEVAKLLLENGANVNYESKDRAIALMVAAFAGHSEVTKVLLECGANPDIRNNDGDNAWDVAKDKPIVFAILTKHLNDVVAGRKFPPCDRVATNKQTPNQPDVVSGIEAKKLPKQNNVAEYVFENAWRSVVFIDTYDGQGSGVIIQPNVVATNCHVVENSNNIQVYKAEKQRTNRDVSYNATILKQDDGNDFCLLSVKGLWGIPAVVRRYNTLNVGEDVYGLGAPQGLDLSLSTGIVSQLRKEDGERLIQTDTAISPGSSGGGLFDSEGNLIGIMTKKIVDDDVEGIGFAIPADLAL
I_palmata_OTU_1	523_scaffold14,20697,f35Z20697,1,1_500_2098_-_gene_type=bacteria	PF00023	Ankyrin repeat	0.0022	Ank	Ank	MKNTLIALLTIVLLAVSPVALATEYLPCDIAGFSAAWFLGLFSAGRSLCNAAKNCNLSEVKRLLDNGADVNYESKDGMTALMVAVVNGHSEIAKVLLDNGADVNYENKVGMTALITAVRFGYSEVAKVLLDNGADVNYENKVGITALVVAVSGQSEVAKVLLDHGANVNYEGKYGITALIQAAQSNQSEVAKVLLENGADVNYENKDGITALRFAAVSGHSEVAKVLLDNGVDVNHENKYGRTALMIAMVKGYSEVMKVLLDNGANVNHEDKDGWTVLMIAASNGQSEVAKLLLDNGTDVVNYKNKIGNTALIVAAQEGQSEVAKVLLDNEANVNATNKEESTALIVAALLGHGKVVKVLLDNGANVNHENKSGRTALMFAAWKGQSEVTKILLDNGANVNYEGKDGETALMRAAMQGQSKVAKVLLDNGANVNYEYKEDGVTALMFAAMQGHSEVAKVLLDNGANVNHENKDSWTALIFAAMRGHSEVAKVLLDNGANVNHENKNSWTALIFAAQEGHSEVEKILLGHGAK
I_palmata_OTU_1	523_scaffold14,20697,f35Z20697,1,1_500_2098_-_gene_type=bacteria	PF00023	Ankyrin repeat	43.0	-	-	MKNTLIALLTIVLLAVSPVALATEYLPCDIAGFSAAWFLGLFSAGRSLCNAAKNCNLSEVKRLLDNGADVNYESKDGMTALMVAVVNGHSEIAKVLLDNGADVNYENKVGMTALITAVRFGYSEVAKVLLDNGADVNYENKVGITALVVAVSGQSEVAKVLLDHGANVNYEGKYGITALIQAAQSNQSEVAKVLLENGADVNYENKDGITALRFAAVSGHSEVAKVLLDNGVDVNHENKYGRTALMIAMVKGYSEVMKVLLDNGANVNHEDKDGWTVLMIAASNGQSEVAKLLLDNGTDVVNYKNKIGNTALIVAAQEGQSEVAKVLLDNEANVNATNKEESTALIVAALLGHGKVVKVLLDNGANVNHENKSGRTALMFAAWKGQSEVTKILLDNGANVNYEGKDGETALMRAAMQGQSKVAKVLLDNGANVNYEYKEDGVTALMFAAMQGHSEVAKVLLDNGANVNHENKDSWTALIFAAMRGHSEVAKVLLDNGANVNHENKNSWTALIFAAQEGHSEVEKILLGHGAK
I_palmata_OTU_1	523_scaffold14,20697,f35Z20697,1,1_500_2098_-_gene_type=bacteria	PF13637	Ankyrin repeats (many copies)	5.6e-07	Ank_4	Ank	MKNTLIALLTIVLLAVSPVALATEYLPCDIAGFSAAWFLGLFSAGRSLCNAAKNCNLSEVKRLLDNGADVNYESKDGMTALMVAVVNGHSEIAKVLLDNGADVNYENKVGMTALITAVRFGYSEVAKVLLDNGADVNYENKVGITALVVAVSGQSEVAKVLLDHGANVNYEGKYGITALIQAAQSNQSEVAKVLLENGADVNYENKDGITALRFAAVSGHSEVAKVLLDNGVDVNHENKYGRTALMIAMVKGYSEVMKVLLDNGANVNHEDKDGWTVLMIAASNGQSEVAKLLLDNGTDVVNYKNKIGNTALIVAAQEGQSEVAKVLLDNEANVNATNKEESTALIVAALLGHGKVVKVLLDNGANVNHENKSGRTALMFAAWKGQSEVTKILLDNGANVNYEGKDGETALMRAAMQGQSKVAKVLLDNGANVNYEYKEDGVTALMFAAMQGHSEVAKVLLDNGANVNHENKDSWTALIFAAMRGHSEVAKVLLDNGANVNHENKNSWTALIFAAQEGHSEVEKILLGHGAK
I_palmata_OTU_1	523_scaffold14,20697,f35Z20697,1,1_500_2098_-_gene_type=bacteria	PF13857	Ankyrin repeats (many copies)	3.2e-06	Ank_5	Ank	MKNTLIALLTIVLLAVSPVALATEYLPCDIAGFSAAWFLGLFSAGRSLCNAAKNCNLSEVKRLLDNGADVNYESKDGMTALMVAVVNGHSEIAKVLLDNGADVNYENKVGMTALITAVRFGYSEVAKVLLDNGADVNYENKVGITALVVAVSGQSEVAKVLLDHGANVNYEGKYGITALIQAAQSNQSEVAKVLLENGADVNYENKDGITALRFAAVSGHSEVAKVLLDNGVDVNHENKYGRTALMIAMVKGYSEVMKVLLDNGANVNHEDKDGWTVLMIAASNGQSEVAKLLLDNGTDVVNYKNKIGNTALIVAAQEGQSEVAKVLLDNEANVNATNKEESTALIVAALLGHGKVVKVLLDNGANVNHENKSGRTALMFAAWKGQSEVTKILLDNGANVNYEGKDGETALMRAAMQGQSKVAKVLLDNGANVNYEYKEDGVTALMFAAMQGHSEVAKVLLDNGANVNHENKDSWTALIFAAMRGHSEVAKVLLDNGANVNHENKNSWTALIFAAQEGHSEVEKILLGHGAK
I_palmata_OTU_1	523_scaffold14,20697,f35Z20697,1,1_500_2098_-_gene_type=bacteria	PF12796	Ankyrin repeats (3 copies)	6.7e-14	Ank_2	Ank	MKNTLIALLTIVLLAVSPVALATEYLPCDIAGFSAAWFLGLFSAGRSLCNAAKNCNLSEVKRLLDNGADVNYESKDGMTALMVAVVNGHSEIAKVLLDNGADVNYENKVGMTALITAVRFGYSEVAKVLLDNGADVNYENKVGITALVVAVSGQSEVAKVLLDHGANVNYEGKYGITALIQAAQSNQSEVAKVLLENGADVNYENKDGITALRFAAVSGHSEVAKVLLDNGVDVNHENKYGRTALMIAMVKGYSEVMKVLLDNGANVNHEDKDGWTVLMIAASNGQSEVAKLLLDNGTDVVNYKNKIGNTALIVAAQEGQSEVAKVLLDNEANVNATNKEESTALIVAALLGHGKVVKVLLDNGANVNHENKSGRTALMFAAWKGQSEVTKILLDNGANVNYEGKDGETALMRAAMQGQSKVAKVLLDNGANVNYEYKEDGVTALMFAAMQGHSEVAKVLLDNGANVNHENKDSWTALIFAAMRGHSEVAKVLLDNGANVNHENKNSWTALIFAAQEGHSEVEKILLGHGAK
I_palmata_OTU_1	523_scaffold14,20697,f35Z20697,1,1_500_2098_-_gene_type=bacteria	PF12796	Ankyrin repeats (3 copies)	1.4e-12	Ank_2	Ank	MKNTLIALLTIVLLAVSPVALATEYLPCDIAGFSAAWFLGLFSAGRSLCNAAKNCNLSEVKRLLDNGADVNYESKDGMTALMVAVVNGHSEIAKVLLDNGADVNYENKVGMTALITAVRFGYSEVAKVLLDNGADVNYENKVGITALVVAVSGQSEVAKVLLDHGANVNYEGKYGITALIQAAQSNQSEVAKVLLENGADVNYENKDGITALRFAAVSGHSEVAKVLLDNGVDVNHENKYGRTALMIAMVKGYSEVMKVLLDNGANVNHEDKDGWTVLMIAASNGQSEVAKLLLDNGTDVVNYKNKIGNTALIVAAQEGQSEVAKVLLDNEANVNATNKEESTALIVAALLGHGKVVKVLLDNGANVNHENKSGRTALMFAAWKGQSEVTKILLDNGANVNYEGKDGETALMRAAMQGQSKVAKVLLDNGANVNYEYKEDGVTALMFAAMQGHSEVAKVLLDNGANVNHENKDSWTALIFAAMRGHSEVAKVLLDNGANVNHENKNSWTALIFAAQEGHSEVEKILLGHGAK
I_palmata_OTU_1	523_scaffold14,20697,f35Z20697,1,1_500_2098_-_gene_type=bacteria	PF12796	Ankyrin repeats (3 copies)	6e-19	Ank_2	Ank	MKNTLIALLTIVLLAVSPVALATEYLPCDIAGFSAAWFLGLFSAGRSLCNAAKNCNLSEVKRLLDNGADVNYESKDGMTALMVAVVNGHSEIAKVLLDNGADVNYENKVGMTALITAVRFGYSEVAKVLLDNGADVNYENKVGITALVVAVSGQSEVAKVLLDHGANVNYEGKYGITALIQAAQSNQSEVAKVLLENGADVNYENKDGITALRFAAVSGHSEVAKVLLDNGVDVNHENKYGRTALMIAMVKGYSEVMKVLLDNGANVNHEDKDGWTVLMIAASNGQSEVAKLLLDNGTDVVNYKNKIGNTALIVAAQEGQSEVAKVLLDNEANVNATNKEESTALIVAALLGHGKVVKVLLDNGANVNHENKSGRTALMFAAWKGQSEVTKILLDNGANVNYEGKDGETALMRAAMQGQSKVAKVLLDNGANVNYEYKEDGVTALMFAAMQGHSEVAKVLLDNGANVNHENKDSWTALIFAAMRGHSEVAKVLLDNGANVNHENKNSWTALIFAAQEGHSEVEKILLGHGAK
I_palmata_OTU_1	979_scaffold2,278870,f1Z278870,1,1_193920_195074_+_gene_type=bacteria	PF13637	Ankyrin repeats (many copies)	0.00032	Ank_4	Ank	MKKAIIALFSLILLAMSPVAFAAECPLCDAAFEGNLSEVKTLLDKGEKVNHENKYGQTALMFAAQSGHSEVVKVLLDNGADANHGDEDGWTALMSAALNGYNEIATLLLEAYGETVNATDKLNRTALMFAAQNGYSEAAKILLDNGAKVNHENEHGQTALMFAAYRGYNKIAKLLLSHSAAECTLCDAVIKGNSSKIKELLDNGTNVNEKDKYGWTALNIAVIVGQSEVVELLLDNGANVNEKDSSGFTSLMIAAVMGESGIAKSLLDNGANVNEKNKNDSAALIMAAARNYGAVVLLLLENGANVNEKHENGWTALMSTAPRGHREAAKLLLECGANPDITNTFGDNTWDYAEGRSAMIKILEEYKDVAAGHEFQSCDKTAAN
I_palmata_OTU_1	979_scaffold2,278870,f1Z278870,1,1_193920_195074_+_gene_type=bacteria	PF12796	Ankyrin repeats (3 copies)	3.2e-19	Ank_2	Ank	MKKAIIALFSLILLAMSPVAFAAECPLCDAAFEGNLSEVKTLLDKGEKVNHENKYGQTALMFAAQSGHSEVVKVLLDNGADANHGDEDGWTALMSAALNGYNEIATLLLEAYGETVNATDKLNRTALMFAAQNGYSEAAKILLDNGAKVNHENEHGQTALMFAAYRGYNKIAKLLLSHSAAECTLCDAVIKGNSSKIKELLDNGTNVNEKDKYGWTALNIAVIVGQSEVVELLLDNGANVNEKDSSGFTSLMIAAVMGESGIAKSLLDNGANVNEKNKNDSAALIMAAARNYGAVVLLLLENGANVNEKHENGWTALMSTAPRGHREAAKLLLECGANPDITNTFGDNTWDYAEGRSAMIKILEEYKDVAAGHEFQSCDKTAAN
I_palmata_OTU_1	979_scaffold2,278870,f1Z278870,1,1_193920_195074_+_gene_type=bacteria	PF12796	Ankyrin repeats (3 copies)	5.4e-16	Ank_2	Ank	MKKAIIALFSLILLAMSPVAFAAECPLCDAAFEGNLSEVKTLLDKGEKVNHENKYGQTALMFAAQSGHSEVVKVLLDNGADANHGDEDGWTALMSAALNGYNEIATLLLEAYGETVNATDKLNRTALMFAAQNGYSEAAKILLDNGAKVNHENEHGQTALMFAAYRGYNKIAKLLLSHSAAECTLCDAVIKGNSSKIKELLDNGTNVNEKDKYGWTALNIAVIVGQSEVVELLLDNGANVNEKDSSGFTSLMIAAVMGESGIAKSLLDNGANVNEKNKNDSAALIMAAARNYGAVVLLLLENGANVNEKHENGWTALMSTAPRGHREAAKLLLECGANPDITNTFGDNTWDYAEGRSAMIKILEEYKDVAAGHEFQSCDKTAAN
I_palmata_OTU_1	979_scaffold2,278870,f1Z278870,1,1_193920_195074_+_gene_type=bacteria	PF12796	Ankyrin repeats (3 copies)	3.9e-07	Ank_2	Ank	MKKAIIALFSLILLAMSPVAFAAECPLCDAAFEGNLSEVKTLLDKGEKVNHENKYGQTALMFAAQSGHSEVVKVLLDNGADANHGDEDGWTALMSAALNGYNEIATLLLEAYGETVNATDKLNRTALMFAAQNGYSEAAKILLDNGAKVNHENEHGQTALMFAAYRGYNKIAKLLLSHSAAECTLCDAVIKGNSSKIKELLDNGTNVNEKDKYGWTALNIAVIVGQSEVVELLLDNGANVNEKDSSGFTSLMIAAVMGESGIAKSLLDNGANVNEKNKNDSAALIMAAARNYGAVVLLLLENGANVNEKHENGWTALMSTAPRGHREAAKLLLECGANPDITNTFGDNTWDYAEGRSAMIKILEEYKDVAAGHEFQSCDKTAAN
I_palmata_OTU_1	1513_scaffold9,65685,f8Z53010k7a0m100,r16z12675,1,rc+scaffold23,5775,f37Z5775,1,1_45490_46281_-_gene_type=bacteria	PF12796	Ankyrin repeats (3 copies)	1.2e-07	Ank_2	Ank	LTTCERHLHDAFAFCRISADIIQDKFEFNSPNETPTEFFDIEWEVVRAVLDMKIEKTTADKNDSGFIYLATSDDCPGDVKIGITQNESVDIKNFSIRYCQKVTNPEICKKIITEAFVDSYRTNAQEEIFKINWRAIRSALLFMKTVNHLATVPDPPKEKWVTCLTPLMIQARKCNIKGVEKELLNASETDINAQRDGGRTALMWAINPYYEKNHYLKIFEKIMDKNPNIEITTNNGKTALMIAAKHGKDYAVKMLLDAGAKKM
I_palmata_OTU_1	1612_scaffold8,75291,f10Z75291,1+scaffold15,20033,f9Z20033,1,1_76450_78405_-_gene_type=bacteria	PF13432	Tetratricopeptide repeat	0.033	-	-	MATTPKKSNKTQSFSQVSSFVEFIEWVDKIKEKNISFRGLGDKEWNVEASLCRKLKSFDSDIILEKTKKLIKHTRKNGYDIKKSLNLNDLDGLDDLELLAILQHSEKPTCLIDFTENSSTALFFACLSPNIETGKVVAFSSDNTNLYNNITKDTNKDIDYWFTECERNKVLCIFTPQKIINRITAQQSVFVFGSPTLPAKNFHICEITNKEKILEELEKNGTSRKTLFVEDVRFTVQDSHSKKDENEDTDSDFALGRISQASGNFESAIEYYDKAIKSNPEFYEAYNSRGIAKQILGYYQSAISDYDEVVRLNPKFYEAYNNRGLAKQNLGKFQDAISDFDEAIRLNSKSHEIYNNRGFAKQILGHYQDAISDFDEAIKLNPKSHETYNNRGFAKQILDKFQDAISDFDEAIKLNPKDHNAYYNRGFAKNKLSNFQDAIHDFDEAIKLNPKDSGSYNNRGFAKYNLKEFQDAISDYDEAIRLNPKDSGSYNNRGLAKNKLSDFQNALSDFDESIKLNPKYWGAYHNRGIAKQFLDKFQDAISDYDEAIRLNPKDYTAYSNRGFSKDKLKNFQDAINDFDEAIRLNPKYPIAYNNRGMAKHNLGKFQDAISDYDEAIRLNLKHSVVYNNRGLAKSQLGDKKGSEEDFAKAAG
I_palmata_OTU_1	1612_scaffold8,75291,f10Z75291,1+scaffold15,20033,f9Z20033,1,1_76450_78405_-_gene_type=bacteria	PF08867	FRG domain	7.4e-10	-	-	MATTPKKSNKTQSFSQVSSFVEFIEWVDKIKEKNISFRGLGDKEWNVEASLCRKLKSFDSDIILEKTKKLIKHTRKNGYDIKKSLNLNDLDGLDDLELLAILQHSEKPTCLIDFTENSSTALFFACLSPNIETGKVVAFSSDNTNLYNNITKDTNKDIDYWFTECERNKVLCIFTPQKIINRITAQQSVFVFGSPTLPAKNFHICEITNKEKILEELEKNGTSRKTLFVEDVRFTVQDSHSKKDENEDTDSDFALGRISQASGNFESAIEYYDKAIKSNPEFYEAYNSRGIAKQILGYYQSAISDYDEVVRLNPKFYEAYNNRGLAKQNLGKFQDAISDFDEAIRLNSKSHEIYNNRGFAKQILGHYQDAISDFDEAIKLNPKSHETYNNRGFAKQILDKFQDAISDFDEAIKLNPKDHNAYYNRGFAKNKLSNFQDAIHDFDEAIKLNPKDSGSYNNRGFAKYNLKEFQDAISDYDEAIRLNPKDSGSYNNRGLAKNKLSDFQNALSDFDESIKLNPKYWGAYHNRGIAKQFLDKFQDAISDYDEAIRLNPKDYTAYSNRGFSKDKLKNFQDAINDFDEAIRLNPKYPIAYNNRGMAKHNLGKFQDAISDYDEAIRLNLKHSVVYNNRGLAKSQLGDKKGSEEDFAKAAG
I_palmata_OTU_1	1612_scaffold8,75291,f10Z75291,1+scaffold15,20033,f9Z20033,1,1_76450_78405_-_gene_type=bacteria	PF00515	Tetratricopeptide repeat	0.0023	TPR_1	TPR	MATTPKKSNKTQSFSQVSSFVEFIEWVDKIKEKNISFRGLGDKEWNVEASLCRKLKSFDSDIILEKTKKLIKHTRKNGYDIKKSLNLNDLDGLDDLELLAILQHSEKPTCLIDFTENSSTALFFACLSPNIETGKVVAFSSDNTNLYNNITKDTNKDIDYWFTECERNKVLCIFTPQKIINRITAQQSVFVFGSPTLPAKNFHICEITNKEKILEELEKNGTSRKTLFVEDVRFTVQDSHSKKDENEDTDSDFALGRISQASGNFESAIEYYDKAIKSNPEFYEAYNSRGIAKQILGYYQSAISDYDEVVRLNPKFYEAYNNRGLAKQNLGKFQDAISDFDEAIRLNSKSHEIYNNRGFAKQILGHYQDAISDFDEAIKLNPKSHETYNNRGFAKQILDKFQDAISDFDEAIKLNPKDHNAYYNRGFAKNKLSNFQDAIHDFDEAIKLNPKDSGSYNNRGFAKYNLKEFQDAISDYDEAIRLNPKDSGSYNNRGLAKNKLSDFQNALSDFDESIKLNPKYWGAYHNRGIAKQFLDKFQDAISDYDEAIRLNPKDYTAYSNRGFSKDKLKNFQDAINDFDEAIRLNPKYPIAYNNRGMAKHNLGKFQDAISDYDEAIRLNLKHSVVYNNRGLAKSQLGDKKGSEEDFAKAAG
I_palmata_OTU_1	1612_scaffold8,75291,f10Z75291,1+scaffold15,20033,f9Z20033,1,1_76450_78405_-_gene_type=bacteria	PF00515	Tetratricopeptide repeat	0.00026	TPR_1	TPR	MATTPKKSNKTQSFSQVSSFVEFIEWVDKIKEKNISFRGLGDKEWNVEASLCRKLKSFDSDIILEKTKKLIKHTRKNGYDIKKSLNLNDLDGLDDLELLAILQHSEKPTCLIDFTENSSTALFFACLSPNIETGKVVAFSSDNTNLYNNITKDTNKDIDYWFTECERNKVLCIFTPQKIINRITAQQSVFVFGSPTLPAKNFHICEITNKEKILEELEKNGTSRKTLFVEDVRFTVQDSHSKKDENEDTDSDFALGRISQASGNFESAIEYYDKAIKSNPEFYEAYNSRGIAKQILGYYQSAISDYDEVVRLNPKFYEAYNNRGLAKQNLGKFQDAISDFDEAIRLNSKSHEIYNNRGFAKQILGHYQDAISDFDEAIKLNPKSHETYNNRGFAKQILDKFQDAISDFDEAIKLNPKDHNAYYNRGFAKNKLSNFQDAIHDFDEAIKLNPKDSGSYNNRGFAKYNLKEFQDAISDYDEAIRLNPKDSGSYNNRGLAKNKLSDFQNALSDFDESIKLNPKYWGAYHNRGIAKQFLDKFQDAISDYDEAIRLNPKDYTAYSNRGFSKDKLKNFQDAINDFDEAIRLNPKYPIAYNNRGMAKHNLGKFQDAISDYDEAIRLNLKHSVVYNNRGLAKSQLGDKKGSEEDFAKAAG
I_palmata_OTU_1	1612_scaffold8,75291,f10Z75291,1+scaffold15,20033,f9Z20033,1,1_76450_78405_-_gene_type=bacteria	PF00515	Tetratricopeptide repeat	0.00034	TPR_1	TPR	MATTPKKSNKTQSFSQVSSFVEFIEWVDKIKEKNISFRGLGDKEWNVEASLCRKLKSFDSDIILEKTKKLIKHTRKNGYDIKKSLNLNDLDGLDDLELLAILQHSEKPTCLIDFTENSSTALFFACLSPNIETGKVVAFSSDNTNLYNNITKDTNKDIDYWFTECERNKVLCIFTPQKIINRITAQQSVFVFGSPTLPAKNFHICEITNKEKILEELEKNGTSRKTLFVEDVRFTVQDSHSKKDENEDTDSDFALGRISQASGNFESAIEYYDKAIKSNPEFYEAYNSRGIAKQILGYYQSAISDYDEVVRLNPKFYEAYNNRGLAKQNLGKFQDAISDFDEAIRLNSKSHEIYNNRGFAKQILGHYQDAISDFDEAIKLNPKSHETYNNRGFAKQILDKFQDAISDFDEAIKLNPKDHNAYYNRGFAKNKLSNFQDAIHDFDEAIKLNPKDSGSYNNRGFAKYNLKEFQDAISDYDEAIRLNPKDSGSYNNRGLAKNKLSDFQNALSDFDESIKLNPKYWGAYHNRGIAKQFLDKFQDAISDYDEAIRLNPKDYTAYSNRGFSKDKLKNFQDAINDFDEAIRLNPKYPIAYNNRGMAKHNLGKFQDAISDYDEAIRLNLKHSVVYNNRGLAKSQLGDKKGSEEDFAKAAG
I_palmata_OTU_1	1612_scaffold8,75291,f10Z75291,1+scaffold15,20033,f9Z20033,1,1_76450_78405_-_gene_type=bacteria	PF00515	Tetratricopeptide repeat	0.00051	TPR_1	TPR	MATTPKKSNKTQSFSQVSSFVEFIEWVDKIKEKNISFRGLGDKEWNVEASLCRKLKSFDSDIILEKTKKLIKHTRKNGYDIKKSLNLNDLDGLDDLELLAILQHSEKPTCLIDFTENSSTALFFACLSPNIETGKVVAFSSDNTNLYNNITKDTNKDIDYWFTECERNKVLCIFTPQKIINRITAQQSVFVFGSPTLPAKNFHICEITNKEKILEELEKNGTSRKTLFVEDVRFTVQDSHSKKDENEDTDSDFALGRISQASGNFESAIEYYDKAIKSNPEFYEAYNSRGIAKQILGYYQSAISDYDEVVRLNPKFYEAYNNRGLAKQNLGKFQDAISDFDEAIRLNSKSHEIYNNRGFAKQILGHYQDAISDFDEAIKLNPKSHETYNNRGFAKQILDKFQDAISDFDEAIKLNPKDHNAYYNRGFAKNKLSNFQDAIHDFDEAIKLNPKDSGSYNNRGFAKYNLKEFQDAISDYDEAIRLNPKDSGSYNNRGLAKNKLSDFQNALSDFDESIKLNPKYWGAYHNRGIAKQFLDKFQDAISDYDEAIRLNPKDYTAYSNRGFSKDKLKNFQDAINDFDEAIRLNPKYPIAYNNRGMAKHNLGKFQDAISDYDEAIRLNLKHSVVYNNRGLAKSQLGDKKGSEEDFAKAAG
I_palmata_OTU_1	1612_scaffold8,75291,f10Z75291,1+scaffold15,20033,f9Z20033,1,1_76450_78405_-_gene_type=bacteria	PF00515	Tetratricopeptide repeat	0.0012	TPR_1	TPR	MATTPKKSNKTQSFSQVSSFVEFIEWVDKIKEKNISFRGLGDKEWNVEASLCRKLKSFDSDIILEKTKKLIKHTRKNGYDIKKSLNLNDLDGLDDLELLAILQHSEKPTCLIDFTENSSTALFFACLSPNIETGKVVAFSSDNTNLYNNITKDTNKDIDYWFTECERNKVLCIFTPQKIINRITAQQSVFVFGSPTLPAKNFHICEITNKEKILEELEKNGTSRKTLFVEDVRFTVQDSHSKKDENEDTDSDFALGRISQASGNFESAIEYYDKAIKSNPEFYEAYNSRGIAKQILGYYQSAISDYDEVVRLNPKFYEAYNNRGLAKQNLGKFQDAISDFDEAIRLNSKSHEIYNNRGFAKQILGHYQDAISDFDEAIKLNPKSHETYNNRGFAKQILDKFQDAISDFDEAIKLNPKDHNAYYNRGFAKNKLSNFQDAIHDFDEAIKLNPKDSGSYNNRGFAKYNLKEFQDAISDYDEAIRLNPKDSGSYNNRGLAKNKLSDFQNALSDFDESIKLNPKYWGAYHNRGIAKQFLDKFQDAISDYDEAIRLNPKDYTAYSNRGFSKDKLKNFQDAINDFDEAIRLNPKYPIAYNNRGMAKHNLGKFQDAISDYDEAIRLNLKHSVVYNNRGLAKSQLGDKKGSEEDFAKAAG
I_palmata_OTU_1	1612_scaffold8,75291,f10Z75291,1+scaffold15,20033,f9Z20033,1,1_76450_78405_-_gene_type=bacteria	PF00515	Tetratricopeptide repeat	4.3e-05	TPR_1	TPR	MATTPKKSNKTQSFSQVSSFVEFIEWVDKIKEKNISFRGLGDKEWNVEASLCRKLKSFDSDIILEKTKKLIKHTRKNGYDIKKSLNLNDLDGLDDLELLAILQHSEKPTCLIDFTENSSTALFFACLSPNIETGKVVAFSSDNTNLYNNITKDTNKDIDYWFTECERNKVLCIFTPQKIINRITAQQSVFVFGSPTLPAKNFHICEITNKEKILEELEKNGTSRKTLFVEDVRFTVQDSHSKKDENEDTDSDFALGRISQASGNFESAIEYYDKAIKSNPEFYEAYNSRGIAKQILGYYQSAISDYDEVVRLNPKFYEAYNNRGLAKQNLGKFQDAISDFDEAIRLNSKSHEIYNNRGFAKQILGHYQDAISDFDEAIKLNPKSHETYNNRGFAKQILDKFQDAISDFDEAIKLNPKDHNAYYNRGFAKNKLSNFQDAIHDFDEAIKLNPKDSGSYNNRGFAKYNLKEFQDAISDYDEAIRLNPKDSGSYNNRGLAKNKLSDFQNALSDFDESIKLNPKYWGAYHNRGIAKQFLDKFQDAISDYDEAIRLNPKDYTAYSNRGFSKDKLKNFQDAINDFDEAIRLNPKYPIAYNNRGMAKHNLGKFQDAISDYDEAIRLNLKHSVVYNNRGLAKSQLGDKKGSEEDFAKAAG
I_palmata_OTU_1	1612_scaffold8,75291,f10Z75291,1+scaffold15,20033,f9Z20033,1,1_76450_78405_-_gene_type=bacteria	PF00515	Tetratricopeptide repeat	0.0013	TPR_1	TPR	MATTPKKSNKTQSFSQVSSFVEFIEWVDKIKEKNISFRGLGDKEWNVEASLCRKLKSFDSDIILEKTKKLIKHTRKNGYDIKKSLNLNDLDGLDDLELLAILQHSEKPTCLIDFTENSSTALFFACLSPNIETGKVVAFSSDNTNLYNNITKDTNKDIDYWFTECERNKVLCIFTPQKIINRITAQQSVFVFGSPTLPAKNFHICEITNKEKILEELEKNGTSRKTLFVEDVRFTVQDSHSKKDENEDTDSDFALGRISQASGNFESAIEYYDKAIKSNPEFYEAYNSRGIAKQILGYYQSAISDYDEVVRLNPKFYEAYNNRGLAKQNLGKFQDAISDFDEAIRLNSKSHEIYNNRGFAKQILGHYQDAISDFDEAIKLNPKSHETYNNRGFAKQILDKFQDAISDFDEAIKLNPKDHNAYYNRGFAKNKLSNFQDAIHDFDEAIKLNPKDSGSYNNRGFAKYNLKEFQDAISDYDEAIRLNPKDSGSYNNRGLAKNKLSDFQNALSDFDESIKLNPKYWGAYHNRGIAKQFLDKFQDAISDYDEAIRLNPKDYTAYSNRGFSKDKLKNFQDAINDFDEAIRLNPKYPIAYNNRGMAKHNLGKFQDAISDYDEAIRLNLKHSVVYNNRGLAKSQLGDKKGSEEDFAKAAG
I_palmata_OTU_1	1612_scaffold8,75291,f10Z75291,1+scaffold15,20033,f9Z20033,1,1_76450_78405_-_gene_type=bacteria	PF13181	Tetratricopeptide repeat	29.0	-	-	MATTPKKSNKTQSFSQVSSFVEFIEWVDKIKEKNISFRGLGDKEWNVEASLCRKLKSFDSDIILEKTKKLIKHTRKNGYDIKKSLNLNDLDGLDDLELLAILQHSEKPTCLIDFTENSSTALFFACLSPNIETGKVVAFSSDNTNLYNNITKDTNKDIDYWFTECERNKVLCIFTPQKIINRITAQQSVFVFGSPTLPAKNFHICEITNKEKILEELEKNGTSRKTLFVEDVRFTVQDSHSKKDENEDTDSDFALGRISQASGNFESAIEYYDKAIKSNPEFYEAYNSRGIAKQILGYYQSAISDYDEVVRLNPKFYEAYNNRGLAKQNLGKFQDAISDFDEAIRLNSKSHEIYNNRGFAKQILGHYQDAISDFDEAIKLNPKSHETYNNRGFAKQILDKFQDAISDFDEAIKLNPKDHNAYYNRGFAKNKLSNFQDAIHDFDEAIKLNPKDSGSYNNRGFAKYNLKEFQDAISDYDEAIRLNPKDSGSYNNRGLAKNKLSDFQNALSDFDESIKLNPKYWGAYHNRGIAKQFLDKFQDAISDYDEAIRLNPKDYTAYSNRGFSKDKLKNFQDAINDFDEAIRLNPKYPIAYNNRGMAKHNLGKFQDAISDYDEAIRLNLKHSVVYNNRGLAKSQLGDKKGSEEDFAKAAG
I_palmata_OTU_1	1612_scaffold8,75291,f10Z75291,1+scaffold15,20033,f9Z20033,1,1_76450_78405_-_gene_type=bacteria	PF13181	Tetratricopeptide repeat	66.0	-	-	MATTPKKSNKTQSFSQVSSFVEFIEWVDKIKEKNISFRGLGDKEWNVEASLCRKLKSFDSDIILEKTKKLIKHTRKNGYDIKKSLNLNDLDGLDDLELLAILQHSEKPTCLIDFTENSSTALFFACLSPNIETGKVVAFSSDNTNLYNNITKDTNKDIDYWFTECERNKVLCIFTPQKIINRITAQQSVFVFGSPTLPAKNFHICEITNKEKILEELEKNGTSRKTLFVEDVRFTVQDSHSKKDENEDTDSDFALGRISQASGNFESAIEYYDKAIKSNPEFYEAYNSRGIAKQILGYYQSAISDYDEVVRLNPKFYEAYNNRGLAKQNLGKFQDAISDFDEAIRLNSKSHEIYNNRGFAKQILGHYQDAISDFDEAIKLNPKSHETYNNRGFAKQILDKFQDAISDFDEAIKLNPKDHNAYYNRGFAKNKLSNFQDAIHDFDEAIKLNPKDSGSYNNRGFAKYNLKEFQDAISDYDEAIRLNPKDSGSYNNRGLAKNKLSDFQNALSDFDESIKLNPKYWGAYHNRGIAKQFLDKFQDAISDYDEAIRLNPKDYTAYSNRGFSKDKLKNFQDAINDFDEAIRLNPKYPIAYNNRGMAKHNLGKFQDAISDYDEAIRLNLKHSVVYNNRGLAKSQLGDKKGSEEDFAKAAG
I_palmata_OTU_1	977_scaffold2,278870,f1Z278870,1,1_192890_193537_+_gene_type=bacteria	PF12796	Ankyrin repeats (3 copies)	1.9e-13	Ank_2	Ank	LGFRKVKLIKNTFIALLTIALLAVSPVAFADECPLCVAAENGDLSEVKRLLNFAGIEDPTGVNDPEDKQARYDALVELAKSGDEGKKRVKEIIQGELKRRGIADKLAQERKAAFIEDPDNKIFDMFEYDEELTNVYLRRVKENMTNVNREDKYGWTALMRAAGSGHSEVVKVLLENGADVNYKNKDGWWIGWTALMRAAESGQNEVAKILLECGG
I_palmata_OTU_1	949_scaffold2,278870,f1Z278870,1,1_175982_176122_-_gene_type=bacteria	PF00023	Ankyrin repeat	1.6e-05	Ank	Ank	MTALMVAVVNGHSEIAKVLLDNGANVNYKNKVSMALITAVDAVIAK
I_palmata_OTU_1	540_scaffold14,20697,f35Z20697,1,1_18372_19271_+_gene_type=bacteria	PF12796	Ankyrin repeats (3 copies)	3.8e-12	Ank_2	Ank	MKNIFIALFSLILLAVSSVAFAAEYPLCDITFATLLLLFTAVKNGDLQEVKRVAQKVDVNKKHKGSTALIEALLEGHNNIAKFLLKCGANVHLTNKNGRTALMAAVIKYDNSYTNNIVKTLLDNGADVNHEDKNEDGSTALIRAVQGCHSELADLLLEHKADVNYEDKNGMTALIMVVQKGQIELADLLLKHKANVNDENKNGMTALIVAAENGQIELADLLLKHKANVNHKNKNGMTALIVAAENGQIELADLLLKHDANVNDHAKNGMTALIAAMIFGHSELAKMLLDNGARLCLCK
I_palmata_OTU_1	540_scaffold14,20697,f35Z20697,1,1_18372_19271_+_gene_type=bacteria	PF12796	Ankyrin repeats (3 copies)	2.3e-12	Ank_2	Ank	MKNIFIALFSLILLAVSSVAFAAEYPLCDITFATLLLLFTAVKNGDLQEVKRVAQKVDVNKKHKGSTALIEALLEGHNNIAKFLLKCGANVHLTNKNGRTALMAAVIKYDNSYTNNIVKTLLDNGADVNHEDKNEDGSTALIRAVQGCHSELADLLLEHKADVNYEDKNGMTALIMVVQKGQIELADLLLKHKANVNDENKNGMTALIVAAENGQIELADLLLKHKANVNHKNKNGMTALIVAAENGQIELADLLLKHDANVNDHAKNGMTALIAAMIFGHSELAKMLLDNGARLCLCK
I_palmata_OTU_1	540_scaffold14,20697,f35Z20697,1,1_18372_19271_+_gene_type=bacteria	PF13637	Ankyrin repeats (many copies)	0.00025	Ank_4	Ank	MKNIFIALFSLILLAVSSVAFAAEYPLCDITFATLLLLFTAVKNGDLQEVKRVAQKVDVNKKHKGSTALIEALLEGHNNIAKFLLKCGANVHLTNKNGRTALMAAVIKYDNSYTNNIVKTLLDNGADVNHEDKNEDGSTALIRAVQGCHSELADLLLEHKADVNYEDKNGMTALIMVVQKGQIELADLLLKHKANVNDENKNGMTALIVAAENGQIELADLLLKHKANVNHKNKNGMTALIVAAENGQIELADLLLKHDANVNDHAKNGMTALIAAMIFGHSELAKMLLDNGARLCLCK
I_palmata_OTU_1	948_scaffold2,278870,f1Z278870,1,1_175695_175952_-_gene_type=bacteria	PF12796	Ankyrin repeats (3 copies)	1.8e-11	Ank_2	Ank	VNYENKNGFTALVVAESGQSEVAKVLLDHGANVNYEGKYGITALIQAARSNQSEVAKVLLENGADVNYENKDGIMALKVCGSERP
I_palmata_OTU_1	351_scaffold5,103580,f4Z103580,1,1_81366_82715_-_gene_type=bacteria	PF12796	Ankyrin repeats (3 copies)	7.3e-09	Ank_2	Ank	VAKDYYKILGIKRTATPEEVTKAYRQKAMRLHPDRCSDRKKAAATKKFQEIQEAYATLSDESNRNAYDSSKSKSKRSDNTRTKSKSTQSDNTQTKSQNTQSANTQTKNKKIKSASTWIRGHSTFPFGIRTLFIIAVLLYFSSPAILSYGQWLRSLPTTIHAFLNSPSQAVSAHVKSADLIKAVIAGNTDMVRSLLASGADPQGVDDYKDTALHKAARYGSGISAMHLLHYGAYVDSTNREGRTPLQIAAARGYVNTAKVLVKNGASIYRGERGFSAYDRAVRNNRTKVVDLFHEHIKEKGKRTGIVRQQNKTVANTTYDISGVESTPKPTVGEAKKEIDEQALKVEAIKTPIEEIDENALIIESIKGDVVEVKNLIDQGVDVNYENKEKQTALMFAAWYGRHEIVNLLIANGAFVNQIDKNGKTARMWARQQAHISTVDLLDKHGAYRR
I_palmata_OTU_1	351_scaffold5,103580,f4Z103580,1,1_81366_82715_-_gene_type=bacteria	PF12796	Ankyrin repeats (3 copies)	2.5e-05	Ank_2	Ank	VAKDYYKILGIKRTATPEEVTKAYRQKAMRLHPDRCSDRKKAAATKKFQEIQEAYATLSDESNRNAYDSSKSKSKRSDNTRTKSKSTQSDNTQTKSQNTQSANTQTKNKKIKSASTWIRGHSTFPFGIRTLFIIAVLLYFSSPAILSYGQWLRSLPTTIHAFLNSPSQAVSAHVKSADLIKAVIAGNTDMVRSLLASGADPQGVDDYKDTALHKAARYGSGISAMHLLHYGAYVDSTNREGRTPLQIAAARGYVNTAKVLVKNGASIYRGERGFSAYDRAVRNNRTKVVDLFHEHIKEKGKRTGIVRQQNKTVANTTYDISGVESTPKPTVGEAKKEIDEQALKVEAIKTPIEEIDENALIIESIKGDVVEVKNLIDQGVDVNYENKEKQTALMFAAWYGRHEIVNLLIANGAFVNQIDKNGKTARMWARQQAHISTVDLLDKHGAYRR
I_palmata_OTU_1	351_scaffold5,103580,f4Z103580,1,1_81366_82715_-_gene_type=bacteria	PF00226	DnaJ domain	1e-19	-	-	VAKDYYKILGIKRTATPEEVTKAYRQKAMRLHPDRCSDRKKAAATKKFQEIQEAYATLSDESNRNAYDSSKSKSKRSDNTRTKSKSTQSDNTQTKSQNTQSANTQTKNKKIKSASTWIRGHSTFPFGIRTLFIIAVLLYFSSPAILSYGQWLRSLPTTIHAFLNSPSQAVSAHVKSADLIKAVIAGNTDMVRSLLASGADPQGVDDYKDTALHKAARYGSGISAMHLLHYGAYVDSTNREGRTPLQIAAARGYVNTAKVLVKNGASIYRGERGFSAYDRAVRNNRTKVVDLFHEHIKEKGKRTGIVRQQNKTVANTTYDISGVESTPKPTVGEAKKEIDEQALKVEAIKTPIEEIDENALIIESIKGDVVEVKNLIDQGVDVNYENKEKQTALMFAAWYGRHEIVNLLIANGAFVNQIDKNGKTARMWARQQAHISTVDLLDKHGAYRR
I_palmata_OTU_1	539_scaffold14,20697,f35Z20697,1,1_17428_18027_+_gene_type=bacteria	PF12796	Ankyrin repeats (3 copies)	2.3e-10	Ank_2	Ank	MTLDVRKYQSMKKALIALLTIVLLAVSSVAFAAELSFGDIWAVSFAAILPLIVAAGDGNLSEVKRLLDNGANANDKDENGVTAIINAVWKGQNEVVKVLLEHGANINYKKCLWSAVVNDYSKVVKILLDNGANVNATNKESWTALMFAVQRSHSEVAKLLLEYGANPDIKNNYGKTAWDYAKDKPIILATLEKYRNDAK
I_palmata_OTU_1	539_scaffold14,20697,f35Z20697,1,1_17428_18027_+_gene_type=bacteria	PF12796	Ankyrin repeats (3 copies)	7.9e-09	Ank_2	Ank	MTLDVRKYQSMKKALIALLTIVLLAVSSVAFAAELSFGDIWAVSFAAILPLIVAAGDGNLSEVKRLLDNGANANDKDENGVTAIINAVWKGQNEVVKVLLEHGANINYKKCLWSAVVNDYSKVVKILLDNGANVNATNKESWTALMFAVQRSHSEVAKLLLEYGANPDIKNNYGKTAWDYAKDKPIILATLEKYRNDAK
I_palmata_OTU_1	946_scaffold2,278870,f1Z278870,1,1_174886_175089_-_gene_type=bacteria	PF12796	Ankyrin repeats (3 copies)	1.5e-11	Ank_2	Ank	MAKVLLDNGANVNYEYKEDGMTALMFAAMQGHSEVAKVLLDNGANVNHENKDGWTTLMFAAMEDIAK
I_palmata_OTU_1	1103_scaffold12,30484,f12Z30484,1,1_8790_10337_-_gene_type=bacteria	PF07721	Tetratricopeptide repeat	13.0	-	-	MTMLKIFLPLLFIVFLSPASAGDKLQNAPSNEHIQQMPAVLQAMFLSQKGEHAKAAQLFAALGERLNSAALLREAYYESLGGRNVPQSLGYARRWHELSGEAEALSEQARILLLTGKQDPAAEILHKLVSSNKLTNEELAKLLRNTTPKHAAALGRALFADTTESNIYLARLAIDIQDVALSKYAIERGIAHGQNRDEFFLLSMREQKLEGGALGVLAESEKYLKAGCPDATACDEQSLLYAFVLYEAGRDEEWREALHGSGGAVDEAALYAGRFLEGAELTKRAVPYYEKVQERFFRARLGLARIHRDEGRLEEALAILESSPVVDDRELVLREVTASDIVEQLHGAEAAVKRIARALRSVPNNESLMYQQALLMEEAGNVNEAVLILEKMTQLFPRSADTWNALGYVLADNNLQLNEAEQYIKIALKLQPMAPNILDSLGWVYYRQGRLEEARKYLLDAAERSNSSEIFTHLGEVHWQLGDFTLARQAFADAKKHDPENKVLYETLQRLQVTE
I_palmata_OTU_1	1103_scaffold12,30484,f12Z30484,1,1_8790_10337_-_gene_type=bacteria	PF13174	Tetratricopeptide repeat	51.0	-	-	MTMLKIFLPLLFIVFLSPASAGDKLQNAPSNEHIQQMPAVLQAMFLSQKGEHAKAAQLFAALGERLNSAALLREAYYESLGGRNVPQSLGYARRWHELSGEAEALSEQARILLLTGKQDPAAEILHKLVSSNKLTNEELAKLLRNTTPKHAAALGRALFADTTESNIYLARLAIDIQDVALSKYAIERGIAHGQNRDEFFLLSMREQKLEGGALGVLAESEKYLKAGCPDATACDEQSLLYAFVLYEAGRDEEWREALHGSGGAVDEAALYAGRFLEGAELTKRAVPYYEKVQERFFRARLGLARIHRDEGRLEEALAILESSPVVDDRELVLREVTASDIVEQLHGAEAAVKRIARALRSVPNNESLMYQQALLMEEAGNVNEAVLILEKMTQLFPRSADTWNALGYVLADNNLQLNEAEQYIKIALKLQPMAPNILDSLGWVYYRQGRLEEARKYLLDAAERSNSSEIFTHLGEVHWQLGDFTLARQAFADAKKHDPENKVLYETLQRLQVTE
I_palmata_OTU_1	1103_scaffold12,30484,f12Z30484,1,1_8790_10337_-_gene_type=bacteria	PF13432	Tetratricopeptide repeat	2.9e-05	TPR_16	TPR	MTMLKIFLPLLFIVFLSPASAGDKLQNAPSNEHIQQMPAVLQAMFLSQKGEHAKAAQLFAALGERLNSAALLREAYYESLGGRNVPQSLGYARRWHELSGEAEALSEQARILLLTGKQDPAAEILHKLVSSNKLTNEELAKLLRNTTPKHAAALGRALFADTTESNIYLARLAIDIQDVALSKYAIERGIAHGQNRDEFFLLSMREQKLEGGALGVLAESEKYLKAGCPDATACDEQSLLYAFVLYEAGRDEEWREALHGSGGAVDEAALYAGRFLEGAELTKRAVPYYEKVQERFFRARLGLARIHRDEGRLEEALAILESSPVVDDRELVLREVTASDIVEQLHGAEAAVKRIARALRSVPNNESLMYQQALLMEEAGNVNEAVLILEKMTQLFPRSADTWNALGYVLADNNLQLNEAEQYIKIALKLQPMAPNILDSLGWVYYRQGRLEEARKYLLDAAERSNSSEIFTHLGEVHWQLGDFTLARQAFADAKKHDPENKVLYETLQRLQVTE
